h3_cell,resolution,targets,area_density,max_confidence,is_h0
8741a0b25ffffff,7,0,0.0,0.0,True
8741a540affffff,7,0,0.0,0.0,True
8741a540bffffff,7,0,0.0,0.0,True
8741a5411ffffff,7,0,0.0,0.0,True
8741a5413ffffff,7,0,0.0,0.0,True
8741a541dffffff,7,0,0.0,0.0,True
8741a541effffff,7,1,9.834e-05,0.4681,True
8741a5450ffffff,7,0,0.0,0.0,True
8741a5451ffffff,7,0,0.0,0.0,True
8741a5456ffffff,7,0,0.0,0.0,True
8741a545affffff,7,0,0.0,0.0,True
8741a545effffff,7,0,0.0,0.0,True
8741a5481ffffff,7,0,0.0,0.0,True
8741a5483ffffff,7,0,0.0,0.0,True
8741a5488ffffff,7,0,0.0,0.0,True
8741a548affffff,7,0,0.0,0.0,True
8741a549dffffff,7,0,0.0,0.0,True
8741a54acffffff,7,0,0.0,0.0,True
8741a54aeffffff,7,0,0.0,0.0,True
8741a54c6ffffff,7,0,0.0,0.0,True
8741a54c8ffffff,7,0,0.0,0.0,True
8741a54caffffff,7,0,0.0,0.0,True
8741a54cdffffff,7,0,0.0,0.0,True
8741a54d2ffffff,7,0,0.0,0.0,True
8741a54d3ffffff,7,0,0.0,0.0,True
8741a54d4ffffff,7,0,0.0,0.0,True
8741a54d5ffffff,7,1,1.197e-05,0.3287,True
8741a54d6ffffff,7,1,7.49e-06,0.4233,True
8741a54d8ffffff,7,0,0.0,0.0,True
8741a54d9ffffff,7,1,6.827e-05,0.6056,True
8741a54deffffff,7,0,0.0,0.0,True
8841a54181fffff,8,0,0.0,0.0,False
8841a54183fffff,8,0,0.0,0.0,False
8841a54189fffff,8,1,0.01626918,0.2555,False
8841a5418bfffff,8,0,0.0,0.0,False
8841a54197fffff,8,1,0.00019674,0.345,False
8841a5419bfffff,8,0,0.0,0.0,False
8841a541a9fffff,8,0,0.0,0.0,False
8841a541abfffff,8,1,0.00407919,0.8168,False
8841a541b9fffff,8,1,4.702e-05,0.3082,False
8841a541bdfffff,8,0,0.0,0.0,False
8841a541c1fffff,8,0,0.0,0.0,False
8841a541c3fffff,8,0,0.0,0.0,False
8841a541c5fffff,8,0,0.0,0.0,False
8841a541c9fffff,8,0,0.0,0.0,False
8841a541cbfffff,8,0,0.0,0.0,False
8841a541cdfffff,8,0,0.0,0.0,False
8841a54525fffff,8,0,0.0,0.0,False
8841a54527fffff,8,1,5.976e-05,0.3189,False
8841a54529fffff,8,0,0.0,0.0,False
8841a5452bfffff,8,0,0.0,0.0,False
8841a54531fffff,8,0,0.0,0.0,False
8841a54533fffff,8,0,0.0,0.0,False
8841a54539fffff,8,0,0.0,0.0,False
8841a5453bfffff,8,0,0.0,0.0,False
8841a5453dfffff,8,0,0.0,0.0,False
8841a54893fffff,8,0,0.0,0.0,False
8841a54897fffff,8,0,0.0,0.0,False
8841a548b1fffff,8,0,0.0,0.0,False
8841a548b3fffff,8,0,0.0,0.0,False
8841a548b5fffff,8,0,0.0,0.0,False
8841a548b7fffff,8,0,0.0,0.0,False
8841a548b9fffff,8,0,0.0,0.0,False
8841a548bdfffff,8,0,0.0,0.0,False
8841a548cdfffff,8,0,0.0,0.0,False
8841a548d1fffff,8,1,0.00202444,0.3535,False
8841a548d5fffff,8,1,0.00303753,0.429,False
8841a548d9fffff,8,0,0.0,0.0,False
8841a548dbfffff,8,0,0.0,0.0,False
8841a548ddfffff,8,0,0.0,0.0,False
8841a548e3fffff,8,0,0.0,0.0,False
8841a548e5fffff,8,0,0.0,0.0,False
8841a548e9fffff,8,1,0.00062569,0.5629,False
8841a54a81fffff,8,0,0.0,0.0,False
8841a54a83fffff,8,1,0.00246998,0.2787,False
8841a54a89fffff,8,1,0.00073613,0.456,False
8841a54a8bfffff,8,0,0.0,0.0,False
8841a54a8dfffff,8,0,0.0,0.0,False
8841a54a93fffff,8,0,0.0,0.0,False
8841a54a97fffff,8,0,0.0,0.0,False
8841a54a99fffff,8,1,0.00713514,0.2845,False
8841a54a9bfffff,8,1,0.00382926,0.8146,False
8841a54a9dfffff,8,1,0.00950062,0.4871,False
8841a54aa1fffff,8,0,0.0,0.0,False
8841a54aa3fffff,8,1,4.87e-05,0.35,False
8841a54aa5fffff,8,0,0.0,0.0,False
8841a54aa7fffff,8,0,0.0,0.0,False
8841a54aa9fffff,8,0,0.0,0.0,False
8841a54aabfffff,8,0,0.0,0.0,False
8841a54aadfffff,8,0,0.0,0.0,False
8841a54ab1fffff,8,0,0.0,0.0,False
8841a54abbfffff,8,0,0.0,0.0,False
8841a54ad1fffff,8,0,0.0,0.0,False
8841a54ad3fffff,8,0,0.0,0.0,False
8841a54ad5fffff,8,1,0.00195145,0.354,False
8841a54ad9fffff,8,0,0.0,0.0,False
8841a54adbfffff,8,1,0.00171571,0.4436,False
8841a54addfffff,8,0,0.0,0.0,False
8841a54c01fffff,8,0,0.0,0.0,False
8841a54c05fffff,8,0,0.0,0.0,False
8841a54c09fffff,8,0,0.0,0.0,False
8841a54c0bfffff,8,0,0.0,0.0,False
8841a54c0dfffff,8,1,0.00058311,0.3228,False
8841a54c19fffff,8,0,0.0,0.0,False
8841a54c1dfffff,8,1,0.00070689,0.321,False
8841a54c27fffff,8,0,0.0,0.0,False
8841a54c29fffff,8,0,0.0,0.0,False
8841a54c2dfffff,8,0,0.0,0.0,False
8841a54c35fffff,8,1,0.00437184,0.7032,False
8841a54c37fffff,8,1,0.00039993,0.2867,False
8841a54c3dfffff,8,0,0.0,0.0,False
8841a54c45fffff,8,0,0.0,0.0,False
8841a54c49fffff,8,0,0.0,0.0,False
8841a54c4dfffff,8,0,0.0,0.0,False
8841a54c51fffff,8,0,0.0,0.0,False
8841a54c53fffff,8,0,0.0,0.0,False
8841a54c55fffff,8,0,0.0,0.0,False
8841a54c57fffff,8,0,0.0,0.0,False
8841a54c59fffff,8,1,0.00055562,0.4803,False
8841a54c5bfffff,8,0,0.0,0.0,False
8841a54cc3fffff,8,0,0.0,0.0,False
8841a54cc5fffff,8,0,0.0,0.0,False
8841a54ccdfffff,8,0,0.0,0.0,False
8841a54ce1fffff,8,0,0.0,0.0,False
8841a54ce3fffff,8,1,0.00466872,0.673,False
8841a54ce9fffff,8,0,0.0,0.0,False
8841a54cebfffff,8,0,0.0,0.0,False
8841a54d01fffff,8,0,0.0,0.0,False
8841a54d03fffff,8,0,0.0,0.0,False
8841a54d05fffff,8,0,0.0,0.0,False
8841a54d07fffff,8,0,0.0,0.0,False
8841a54d09fffff,8,0,0.0,0.0,False
8841a54d0dfffff,8,1,4.527e-05,0.2745,False
8841a54d11fffff,8,1,0.00152286,0.3856,False
8841a54d13fffff,8,0,0.0,0.0,False
8841a54d15fffff,8,0,0.0,0.0,False
8841a54d19fffff,8,0,0.0,0.0,False
8841a54d1bfffff,8,1,0.00099448,0.5887,False
8841a54dc1fffff,8,0,0.0,0.0,False
8841a54dc3fffff,8,0,0.0,0.0,False
8841a54dc7fffff,8,0,0.0,0.0,False
8841a54dc9fffff,8,0,0.0,0.0,False
8841a54dcbfffff,8,0,0.0,0.0,False
8841a54dd1fffff,8,0,0.0,0.0,False
8841a54dd5fffff,8,0,0.0,0.0,False
8841a54dd7fffff,8,0,0.0,0.0,False
8841a54dd9fffff,8,0,0.0,0.0,False
8841a54ddbfffff,8,0,0.0,0.0,False
8841a54dddfffff,8,1,0.00238977,0.5064,False
8841a54e05fffff,8,0,0.0,0.0,False
8841a54e0dfffff,8,0,0.0,0.0,False
8841a54e13fffff,8,1,8.642e-05,0.4618,False
8841a54e17fffff,8,1,0.00101861,0.67,False
8841a54e19fffff,8,0,0.0,0.0,False
8841a54e21fffff,8,1,0.00131543,0.7362,False
8841a54e29fffff,8,0,0.0,0.0,False
8841a54e2bfffff,8,1,0.00052485,0.3606,False
8841a54e2dfffff,8,0,0.0,0.0,False
8841a54e35fffff,8,1,0.00065983,0.6597,False
8841a54e37fffff,8,0,0.0,0.0,False
8841a54e3dfffff,8,0,0.0,0.0,False
8841a54e43fffff,8,0,0.0,0.0,False
8841a54e47fffff,8,0,0.0,0.0,False
8841a54e49fffff,8,0,0.0,0.0,False
8841a54e4bfffff,8,0,0.0,0.0,False
8841a54e59fffff,8,0,0.0,0.0,False
8841a54e5bfffff,8,0,0.0,0.0,False
8841a54e91fffff,8,0,0.0,0.0,False
8841a54e93fffff,8,0,0.0,0.0,False
8841a54e95fffff,8,0,0.0,0.0,False
8841a54e97fffff,8,0,0.0,0.0,False
8841a54e99fffff,8,0,0.0,0.0,False
8841a54e9bfffff,8,0,0.0,0.0,False
8841a54ea1fffff,8,0,0.0,0.0,False
8841a54ea3fffff,8,1,0.01794602,0.333,False
8841a54ea5fffff,8,0,0.0,0.0,False
8841a54ea7fffff,8,0,0.0,0.0,False
8841a54eabfffff,8,0,0.0,0.0,False
8841a54eadfffff,8,0,0.0,0.0,False
8841a54eb1fffff,8,0,0.0,0.0,False
8841a54eb3fffff,8,0,0.0,0.0,False
8841a54eb5fffff,8,0,0.0,0.0,False
8841a54eb7fffff,8,0,0.0,0.0,False
8841a54ebbfffff,8,0,0.0,0.0,False
8841a54ebdfffff,8,1,0.00089942,0.4674,False
8841a54ec1fffff,8,1,0.00013519,0.4405,False
8841a54ec3fffff,8,0,0.0,0.0,False
8841a54ec7fffff,8,1,0.00399938,0.5094,False
8841a54ed3fffff,8,1,8.609e-05,0.279,False
8841a54ed5fffff,8,0,0.0,0.0,False
8841a54ee3fffff,8,0,0.0,0.0,False
8841a54f05fffff,8,1,0.00129616,0.3156,False
8841a54f0dfffff,8,0,0.0,0.0,False
8841a54f11fffff,8,1,0.01251264,0.526,False
8841a54f13fffff,8,0,0.0,0.0,False
8841a54f23fffff,8,0,0.0,0.0,False
8841a54f27fffff,8,1,0.00843361,0.8154,False
8841a54f29fffff,8,0,0.0,0.0,False
8841a54f31fffff,8,0,0.0,0.0,False
8841a54f35fffff,8,0,0.0,0.0,False
8841a54f37fffff,8,0,0.0,0.0,False
8841a54f39fffff,8,0,0.0,0.0,False
8841a54f3bfffff,8,0,0.0,0.0,False
8841a54f3dfffff,8,0,0.0,0.0,False
8841a54f43fffff,8,0,0.0,0.0,False
8841a54f47fffff,8,1,0.00452197,0.7534,False
8841a54f49fffff,8,0,0.0,0.0,False
8841a54f55fffff,8,0,0.0,0.0,False
8841a54f59fffff,8,1,0.00018042,0.3925,False
8841a54f5dfffff,8,0,0.0,0.0,False
8841a54f61fffff,8,1,0.0026534,0.3825,False
8841a54f63fffff,8,1,0.00077807,0.4281,False
8841a54f69fffff,8,0,0.0,0.0,False
8941a541843ffff,9,0,0.0,0.0,False
8941a541847ffff,9,0,0.0,0.0,False
8941a54184bffff,9,0,0.0,0.0,False
8941a54184fffff,9,0,0.0,0.0,False
8941a541853ffff,9,0,0.0,0.0,False
8941a541857ffff,9,0,0.0,0.0,False
8941a541863ffff,9,0,0.0,0.0,False
8941a54186bffff,9,0,0.0,0.0,False
8941a54186fffff,9,0,0.0,0.0,False
8941a541873ffff,9,0,0.0,0.0,False
8941a541877ffff,9,0,0.0,0.0,False
8941a54187bffff,9,0,0.0,0.0,False
8941a5418c3ffff,9,0,0.0,0.0,False
8941a5418cbffff,9,0,0.0,0.0,False
8941a5418cfffff,9,1,0.04299901,0.2525,False
8941a5418d3ffff,9,0,0.0,0.0,False
8941a5418d7ffff,9,0,0.0,0.0,False
8941a5418dbffff,9,0,0.0,0.0,False
8941a541903ffff,9,1,0.00049223,0.2531,False
8941a541907ffff,9,0,0.0,0.0,False
8941a54190bffff,9,0,0.0,0.0,False
8941a54190fffff,9,1,0.00786318,0.359,False
8941a541913ffff,9,0,0.0,0.0,False
8941a541917ffff,9,0,0.0,0.0,False
8941a54191bffff,9,0,0.0,0.0,False
8941a541927ffff,9,0,0.0,0.0,False
8941a54192bffff,9,1,0.0004276,0.2734,False
8941a54192fffff,9,1,0.00320149,0.7618,False
8941a541937ffff,9,1,0.00371721,0.3902,False
8941a541947ffff,9,0,0.0,0.0,False
8941a54194bffff,9,0,0.0,0.0,False
8941a54194fffff,9,0,0.0,0.0,False
8941a541953ffff,9,0,0.0,0.0,False
8941a541983ffff,9,0,0.0,0.0,False
8941a541987ffff,9,0,0.0,0.0,False
8941a54198fffff,9,0,0.0,0.0,False
8941a541993ffff,9,0,0.0,0.0,False
8941a541997ffff,9,0,0.0,0.0,False
8941a54199bffff,9,0,0.0,0.0,False
8941a5419c7ffff,9,0,0.0,0.0,False
8941a5419cbffff,9,0,0.0,0.0,False
8941a5419cfffff,9,0,0.0,0.0,False
8941a5419d3ffff,9,0,0.0,0.0,False
8941a5419dbffff,9,0,0.0,0.0,False
8941a541a03ffff,9,0,0.0,0.0,False
8941a541a07ffff,9,0,0.0,0.0,False
8941a541a0bffff,9,1,0.00479139,0.6879,False
8941a541a0fffff,9,1,0.00548884,0.7608,False
8941a541a13ffff,9,0,0.0,0.0,False
8941a541a17ffff,9,0,0.0,0.0,False
8941a541a1bffff,9,0,0.0,0.0,False
8941a541a23ffff,9,0,0.0,0.0,False
8941a541a27ffff,9,0,0.0,0.0,False
8941a541a33ffff,9,0,0.0,0.0,False
8941a541a37ffff,9,0,0.0,0.0,False
8941a541a3bffff,9,0,0.0,0.0,False
8941a541a43ffff,9,0,0.0,0.0,False
8941a541a47ffff,9,0,0.0,0.0,False
8941a541a4bffff,9,0,0.0,0.0,False
8941a541a53ffff,9,0,0.0,0.0,False
8941a541a57ffff,9,0,0.0,0.0,False
8941a541a5bffff,9,0,0.0,0.0,False
8941a541a63ffff,9,0,0.0,0.0,False
8941a541a67ffff,9,0,0.0,0.0,False
8941a541a6fffff,9,0,0.0,0.0,False
8941a541a73ffff,9,0,0.0,0.0,False
8941a541a77ffff,9,0,0.0,0.0,False
8941a541a7bffff,9,0,0.0,0.0,False
8941a541ac7ffff,9,0,0.0,0.0,False
8941a541acbffff,9,0,0.0,0.0,False
8941a541acfffff,9,0,0.0,0.0,False
8941a541ad3ffff,9,0,0.0,0.0,False
8941a541ad7ffff,9,0,0.0,0.0,False
8941a541adbffff,9,0,0.0,0.0,False
8941a541b03ffff,9,0,0.0,0.0,False
8941a541b0bffff,9,1,0.03461727,0.8088,False
8941a541b0fffff,9,0,0.0,0.0,False
8941a541b13ffff,9,0,0.0,0.0,False
8941a541b17ffff,9,0,0.0,0.0,False
8941a541b1bffff,9,0,0.0,0.0,False
8941a541b23ffff,9,0,0.0,0.0,False
8941a541b27ffff,9,1,0.01016239,0.6057,False
8941a541b2bffff,9,0,0.0,0.0,False
8941a541b2fffff,9,0,0.0,0.0,False
8941a541b37ffff,9,0,0.0,0.0,False
8941a541b3bffff,9,0,0.0,0.0,False
8941a541b43ffff,9,0,0.0,0.0,False
8941a541b47ffff,9,0,0.0,0.0,False
8941a541b4bffff,9,0,0.0,0.0,False
8941a541b53ffff,9,0,0.0,0.0,False
8941a541b57ffff,9,0,0.0,0.0,False
8941a541b63ffff,9,0,0.0,0.0,False
8941a541b67ffff,9,0,0.0,0.0,False
8941a541b6bffff,9,0,0.0,0.0,False
8941a541b6fffff,9,0,0.0,0.0,False
8941a541b73ffff,9,1,0.00363762,0.2581,False
8941a541b77ffff,9,0,0.0,0.0,False
8941a541ba3ffff,9,0,0.0,0.0,False
8941a541ba7ffff,9,0,0.0,0.0,False
8941a541babffff,9,0,0.0,0.0,False
8941a541bafffff,9,0,0.0,0.0,False
8941a541bb7ffff,9,0,0.0,0.0,False
8941a541bbbffff,9,0,0.0,0.0,False
8941a541c67ffff,9,0,0.0,0.0,False
8941a541c6bffff,9,0,0.0,0.0,False
8941a541c6fffff,9,0,0.0,0.0,False
8941a541c77ffff,9,0,0.0,0.0,False
8941a541c7bffff,9,0,0.0,0.0,False
8941a545207ffff,9,1,0.02461729,0.7923,False
8941a54520bffff,9,0,0.0,0.0,False
8941a54520fffff,9,1,0.00139798,0.4063,False
8941a545213ffff,9,0,0.0,0.0,False
8941a545217ffff,9,0,0.0,0.0,False
8941a545227ffff,9,0,0.0,0.0,False
8941a54522bffff,9,0,0.0,0.0,False
8941a54522fffff,9,0,0.0,0.0,False
8941a545233ffff,9,0,0.0,0.0,False
8941a545237ffff,9,0,0.0,0.0,False
8941a5452c3ffff,9,0,0.0,0.0,False
8941a5452c7ffff,9,0,0.0,0.0,False
8941a5452cbffff,9,0,0.0,0.0,False
8941a5452cfffff,9,0,0.0,0.0,False
8941a5452d3ffff,9,0,0.0,0.0,False
8941a5452d7ffff,9,0,0.0,0.0,False
8941a545347ffff,9,0,0.0,0.0,False
8941a545353ffff,9,0,0.0,0.0,False
8941a545357ffff,9,0,0.0,0.0,False
8941a545367ffff,9,0,0.0,0.0,False
8941a54536fffff,9,0,0.0,0.0,False
8941a545373ffff,9,0,0.0,0.0,False
8941a545377ffff,9,0,0.0,0.0,False
8941a54537bffff,9,0,0.0,0.0,False
8941a548907ffff,9,0,0.0,0.0,False
8941a54890bffff,9,1,0.00495777,0.3341,False
8941a54890fffff,9,0,0.0,0.0,False
8941a548913ffff,9,0,0.0,0.0,False
8941a548917ffff,9,0,0.0,0.0,False
8941a54891bffff,9,0,0.0,0.0,False
8941a548947ffff,9,0,0.0,0.0,False
8941a54894bffff,9,0,0.0,0.0,False
8941a54894fffff,9,0,0.0,0.0,False
8941a548953ffff,9,0,0.0,0.0,False
8941a548957ffff,9,1,0.00236461,0.7934,False
8941a54898bffff,9,0,0.0,0.0,False
8941a54898fffff,9,0,0.0,0.0,False
8941a548993ffff,9,0,0.0,0.0,False
8941a548997ffff,9,0,0.0,0.0,False
8941a54899bffff,9,1,0.0006429,0.6496,False
8941a5489a7ffff,9,0,0.0,0.0,False
8941a5489afffff,9,1,0.0006375,0.3363,False
8941a5489b7ffff,9,0,0.0,0.0,False
8941a5489c3ffff,9,0,0.0,0.0,False
8941a5489cbffff,9,0,0.0,0.0,False
8941a5489d3ffff,9,0,0.0,0.0,False
8941a5489d7ffff,9,1,0.00036863,0.445,False
8941a5489dbffff,9,0,0.0,0.0,False
8941a548ba3ffff,9,0,0.0,0.0,False
8941a548ba7ffff,9,0,0.0,0.0,False
8941a548babffff,9,0,0.0,0.0,False
8941a548bafffff,9,0,0.0,0.0,False
8941a548bb3ffff,9,0,0.0,0.0,False
8941a548bb7ffff,9,0,0.0,0.0,False
8941a548c03ffff,9,0,0.0,0.0,False
8941a548c07ffff,9,0,0.0,0.0,False
8941a548c0bffff,9,0,0.0,0.0,False
8941a548c13ffff,9,0,0.0,0.0,False
8941a548c17ffff,9,0,0.0,0.0,False
8941a548c1bffff,9,0,0.0,0.0,False
8941a548c23ffff,9,0,0.0,0.0,False
8941a548c27ffff,9,0,0.0,0.0,False
8941a548c2fffff,9,0,0.0,0.0,False
8941a548c33ffff,9,0,0.0,0.0,False
8941a548c37ffff,9,0,0.0,0.0,False
8941a548c43ffff,9,0,0.0,0.0,False
8941a548c47ffff,9,0,0.0,0.0,False
8941a548c4bffff,9,0,0.0,0.0,False
8941a548c53ffff,9,0,0.0,0.0,False
8941a548c57ffff,9,0,0.0,0.0,False
8941a548c5bffff,9,0,0.0,0.0,False
8941a548c67ffff,9,0,0.0,0.0,False
8941a548c6bffff,9,1,0.01673905,0.6736,False
8941a548c6fffff,9,0,0.0,0.0,False
8941a548c83ffff,9,1,0.00587336,0.5105,False
8941a548c87ffff,9,0,0.0,0.0,False
8941a548c8bffff,9,0,0.0,0.0,False
8941a548c8fffff,9,0,0.0,0.0,False
8941a548c93ffff,9,0,0.0,0.0,False
8941a548c97ffff,9,0,0.0,0.0,False
8941a548c9bffff,9,1,0.00349537,0.39,False
8941a548ca3ffff,9,0,0.0,0.0,False
8941a548ca7ffff,9,0,0.0,0.0,False
8941a548cabffff,9,0,0.0,0.0,False
8941a548cafffff,9,0,0.0,0.0,False
8941a548cb3ffff,9,1,0.00110023,0.2802,False
8941a548cb7ffff,9,0,0.0,0.0,False
8941a548d27ffff,9,0,0.0,0.0,False
8941a548d2bffff,9,0,0.0,0.0,False
8941a548d2fffff,9,0,0.0,0.0,False
8941a548d33ffff,9,0,0.0,0.0,False
8941a548d3bffff,9,0,0.0,0.0,False
8941a548d63ffff,9,0,0.0,0.0,False
8941a548d67ffff,9,0,0.0,0.0,False
8941a548d6bffff,9,0,0.0,0.0,False
8941a548d6fffff,9,0,0.0,0.0,False
8941a548d77ffff,9,0,0.0,0.0,False
8941a548d7bffff,9,0,0.0,0.0,False
8941a548e03ffff,9,0,0.0,0.0,False
8941a548e07ffff,9,0,0.0,0.0,False
8941a548e0bffff,9,0,0.0,0.0,False
8941a548e0fffff,9,0,0.0,0.0,False
8941a548e17ffff,9,0,0.0,0.0,False
8941a548e63ffff,9,0,0.0,0.0,False
8941a548e67ffff,9,0,0.0,0.0,False
8941a548e6fffff,9,0,0.0,0.0,False
8941a548e73ffff,9,0,0.0,0.0,False
8941a548e77ffff,9,0,0.0,0.0,False
8941a548e7bffff,9,0,0.0,0.0,False
8941a548ea3ffff,9,0,0.0,0.0,False
8941a548ea7ffff,9,0,0.0,0.0,False
8941a548eafffff,9,0,0.0,0.0,False
8941a548eb3ffff,9,0,0.0,0.0,False
8941a548ebbffff,9,0,0.0,0.0,False
8941a548ec3ffff,9,0,0.0,0.0,False
8941a548ec7ffff,9,0,0.0,0.0,False
8941a548ecbffff,9,0,0.0,0.0,False
8941a548ecfffff,9,0,0.0,0.0,False
8941a548ed3ffff,9,0,0.0,0.0,False
8941a548ed7ffff,9,0,0.0,0.0,False
8941a548edbffff,9,0,0.0,0.0,False
8941a54a843ffff,9,0,0.0,0.0,False
8941a54a84bffff,9,0,0.0,0.0,False
8941a54a84fffff,9,0,0.0,0.0,False
8941a54a853ffff,9,0,0.0,0.0,False
8941a54a857ffff,9,0,0.0,0.0,False
8941a54a85bffff,9,0,0.0,0.0,False
8941a54a863ffff,9,0,0.0,0.0,False
8941a54a867ffff,9,0,0.0,0.0,False
8941a54a86bffff,9,0,0.0,0.0,False
8941a54a86fffff,9,0,0.0,0.0,False
8941a54a873ffff,9,0,0.0,0.0,False
8941a54a877ffff,9,0,0.0,0.0,False
8941a54a907ffff,9,1,0.03358991,0.7235,False
8941a54a90bffff,9,0,0.0,0.0,False
8941a54a90fffff,9,1,0.00120547,0.3995,False
8941a54a913ffff,9,0,0.0,0.0,False
8941a54a917ffff,9,0,0.0,0.0,False
8941a54a91bffff,9,0,0.0,0.0,False
8941a54a943ffff,9,0,0.0,0.0,False
8941a54a947ffff,9,0,0.0,0.0,False
8941a54a94bffff,9,0,0.0,0.0,False
8941a54a94fffff,9,0,0.0,0.0,False
8941a54a957ffff,9,0,0.0,0.0,False
8941a54a95bffff,9,1,0.03336003,0.7954,False
8941a54ab23ffff,9,0,0.0,0.0,False
8941a54ab27ffff,9,0,0.0,0.0,False
8941a54ab2bffff,9,0,0.0,0.0,False
8941a54ab2fffff,9,0,0.0,0.0,False
8941a54ab33ffff,9,0,0.0,0.0,False
8941a54ab37ffff,9,0,0.0,0.0,False
8941a54ab43ffff,9,0,0.0,0.0,False
8941a54ab47ffff,9,0,0.0,0.0,False
8941a54ab4bffff,9,0,0.0,0.0,False
8941a54ab4fffff,9,0,0.0,0.0,False
8941a54ab53ffff,9,0,0.0,0.0,False
8941a54ab5bffff,9,0,0.0,0.0,False
8941a54ab63ffff,9,0,0.0,0.0,False
8941a54ab67ffff,9,0,0.0,0.0,False
8941a54ab6bffff,9,0,0.0,0.0,False
8941a54ab6fffff,9,0,0.0,0.0,False
8941a54ab77ffff,9,0,0.0,0.0,False
8941a54ab7bffff,9,0,0.0,0.0,False
8941a54ab83ffff,9,0,0.0,0.0,False
8941a54ab87ffff,9,0,0.0,0.0,False
8941a54ab8bffff,9,0,0.0,0.0,False
8941a54ab8fffff,9,0,0.0,0.0,False
8941a54ab93ffff,9,0,0.0,0.0,False
8941a54ab97ffff,9,0,0.0,0.0,False
8941a54abc3ffff,9,0,0.0,0.0,False
8941a54abc7ffff,9,0,0.0,0.0,False
8941a54abcbffff,9,0,0.0,0.0,False
8941a54abd3ffff,9,0,0.0,0.0,False
8941a54abd7ffff,9,0,0.0,0.0,False
8941a54abdbffff,9,0,0.0,0.0,False
8941a54ad63ffff,9,0,0.0,0.0,False
8941a54ad67ffff,9,0,0.0,0.0,False
8941a54ad6bffff,9,0,0.0,0.0,False
8941a54ad6fffff,9,0,0.0,0.0,False
8941a54ad77ffff,9,0,0.0,0.0,False
8941a54ad7bffff,9,0,0.0,0.0,False
8941a54c023ffff,9,0,0.0,0.0,False
8941a54c027ffff,9,0,0.0,0.0,False
8941a54c02fffff,9,0,0.0,0.0,False
8941a54c033ffff,9,0,0.0,0.0,False
8941a54c037ffff,9,1,0.00265488,0.4529,False
8941a54c03bffff,9,0,0.0,0.0,False
8941a54c063ffff,9,0,0.0,0.0,False
8941a54c067ffff,9,0,0.0,0.0,False
8941a54c06bffff,9,0,0.0,0.0,False
8941a54c06fffff,9,1,0.04686306,0.3583,False
8941a54c073ffff,9,0,0.0,0.0,False
8941a54c07bffff,9,0,0.0,0.0,False
8941a54c107ffff,9,0,0.0,0.0,False
8941a54c10bffff,9,0,0.0,0.0,False
8941a54c10fffff,9,0,0.0,0.0,False
8941a54c113ffff,9,0,0.0,0.0,False
8941a54c117ffff,9,0,0.0,0.0,False
8941a54c11bffff,9,0,0.0,0.0,False
8941a54c123ffff,9,0,0.0,0.0,False
8941a54c127ffff,9,0,0.0,0.0,False
8941a54c12bffff,9,1,0.00053164,0.3214,False
8941a54c12fffff,9,0,0.0,0.0,False
8941a54c133ffff,9,0,0.0,0.0,False
8941a54c137ffff,9,1,0.01857643,0.6745,False
8941a54c13bffff,9,0,0.0,0.0,False
8941a54c143ffff,9,0,0.0,0.0,False
8941a54c147ffff,9,0,0.0,0.0,False
8941a54c14bffff,9,0,0.0,0.0,False
8941a54c14fffff,9,0,0.0,0.0,False
8941a54c157ffff,9,0,0.0,0.0,False
8941a54c163ffff,9,0,0.0,0.0,False
8941a54c167ffff,9,0,0.0,0.0,False
8941a54c16bffff,9,0,0.0,0.0,False
8941a54c16fffff,9,0,0.0,0.0,False
8941a54c173ffff,9,0,0.0,0.0,False
8941a54c17bffff,9,0,0.0,0.0,False
8941a54c1a3ffff,9,0,0.0,0.0,False
8941a54c1a7ffff,9,0,0.0,0.0,False
8941a54c1afffff,9,0,0.0,0.0,False
8941a54c1b3ffff,9,0,0.0,0.0,False
8941a54c1b7ffff,9,0,0.0,0.0,False
8941a54c1bbffff,9,0,0.0,0.0,False
8941a54c203ffff,9,0,0.0,0.0,False
8941a54c20bffff,9,1,0.01373934,0.3825,False
8941a54c20fffff,9,0,0.0,0.0,False
8941a54c217ffff,9,1,0.0077541,0.4138,False
8941a54c21bffff,9,0,0.0,0.0,False
8941a54c223ffff,9,0,0.0,0.0,False
8941a54c22bffff,9,0,0.0,0.0,False
8941a54c22fffff,9,0,0.0,0.0,False
8941a54c233ffff,9,1,0.01659092,0.8328,False
8941a54c237ffff,9,0,0.0,0.0,False
8941a54c23bffff,9,0,0.0,0.0,False
8941a54c243ffff,9,0,0.0,0.0,False
8941a54c24bffff,9,0,0.0,0.0,False
8941a54c24fffff,9,0,0.0,0.0,False
8941a54c253ffff,9,0,0.0,0.0,False
8941a54c257ffff,9,0,0.0,0.0,False
8941a54c25bffff,9,0,0.0,0.0,False
8941a54c2a3ffff,9,1,0.0004195,0.2916,False
8941a54c2a7ffff,9,1,0.00057558,0.405,False
8941a54c2abffff,9,0,0.0,0.0,False
8941a54c2afffff,9,1,0.00338553,0.3329,False
8941a54c2bbffff,9,0,0.0,0.0,False
8941a54c303ffff,9,1,0.01716372,0.5848,False
8941a54c307ffff,9,0,0.0,0.0,False
8941a54c30bffff,9,0,0.0,0.0,False
8941a54c30fffff,9,0,0.0,0.0,False
8941a54c313ffff,9,1,0.0275187,0.4475,False
8941a54c31bffff,9,0,0.0,0.0,False
8941a54c323ffff,9,0,0.0,0.0,False
8941a54c327ffff,9,0,0.0,0.0,False
8941a54c32fffff,9,0,0.0,0.0,False
8941a54c333ffff,9,0,0.0,0.0,False
8941a54c33bffff,9,0,0.0,0.0,False
8941a54c383ffff,9,1,0.00055626,0.6069,False
8941a54c387ffff,9,0,0.0,0.0,False
8941a54c38bffff,9,0,0.0,0.0,False
8941a54c393ffff,9,0,0.0,0.0,False
8941a54c397ffff,9,0,0.0,0.0,False
8941a54c39bffff,9,0,0.0,0.0,False
8941a54c3a3ffff,9,0,0.0,0.0,False
8941a54c3a7ffff,9,0,0.0,0.0,False
8941a54c3abffff,9,1,0.00764029,0.4656,False
8941a54c3afffff,9,1,0.0301939,0.83,False
8941a54c3b3ffff,9,0,0.0,0.0,False
8941a54c3b7ffff,9,0,0.0,0.0,False
8941a54c3bbffff,9,0,0.0,0.0,False
8941a54c403ffff,9,0,0.0,0.0,False
8941a54c407ffff,9,0,0.0,0.0,False
8941a54c40bffff,9,0,0.0,0.0,False
8941a54c40fffff,9,0,0.0,0.0,False
8941a54c413ffff,9,0,0.0,0.0,False
8941a54c41bffff,9,0,0.0,0.0,False
8941a54c423ffff,9,0,0.0,0.0,False
8941a54c427ffff,9,0,0.0,0.0,False
8941a54c42bffff,9,0,0.0,0.0,False
8941a54c42fffff,9,0,0.0,0.0,False
8941a54c437ffff,9,0,0.0,0.0,False
8941a54c463ffff,9,0,0.0,0.0,False
8941a54c467ffff,9,0,0.0,0.0,False
8941a54c46bffff,9,0,0.0,0.0,False
8941a54c46fffff,9,0,0.0,0.0,False
8941a54c477ffff,9,0,0.0,0.0,False
8941a54c47bffff,9,0,0.0,0.0,False
8941a54c4a3ffff,9,0,0.0,0.0,False
8941a54c4a7ffff,9,0,0.0,0.0,False
8941a54c4abffff,9,0,0.0,0.0,False
8941a54c4afffff,9,0,0.0,0.0,False
8941a54c4b3ffff,9,0,0.0,0.0,False
8941a54c4b7ffff,9,0,0.0,0.0,False
8941a54c5c7ffff,9,0,0.0,0.0,False
8941a54c5cbffff,9,0,0.0,0.0,False
8941a54c5cfffff,9,0,0.0,0.0,False
8941a54c5d3ffff,9,0,0.0,0.0,False
8941a54c5d7ffff,9,1,0.00175783,0.3962,False
8941a54c5dbffff,9,0,0.0,0.0,False
8941a54cc03ffff,9,0,0.0,0.0,False
8941a54cc0bffff,9,0,0.0,0.0,False
8941a54cc0fffff,9,0,0.0,0.0,False
8941a54cc17ffff,9,0,0.0,0.0,False
8941a54cc1bffff,9,0,0.0,0.0,False
8941a54cc67ffff,9,1,0.00057324,0.3316,False
8941a54cc6bffff,9,0,0.0,0.0,False
8941a54cc6fffff,9,0,0.0,0.0,False
8941a54cc73ffff,9,0,0.0,0.0,False
8941a54cc77ffff,9,0,0.0,0.0,False
8941a54cc7bffff,9,0,0.0,0.0,False
8941a54cc83ffff,9,1,0.00059683,0.2796,False
8941a54cc87ffff,9,1,0.00983883,0.3996,False
8941a54cc8bffff,9,0,0.0,0.0,False
8941a54cc8fffff,9,0,0.0,0.0,False
8941a54cc93ffff,9,0,0.0,0.0,False
8941a54cc97ffff,9,0,0.0,0.0,False
8941a54cc9bffff,9,0,0.0,0.0,False
8941a54cca3ffff,9,1,0.00766606,0.4737,False
8941a54cca7ffff,9,0,0.0,0.0,False
8941a54ccabffff,9,0,0.0,0.0,False
8941a54ccafffff,9,0,0.0,0.0,False
8941a54ccb3ffff,9,0,0.0,0.0,False
8941a54ccb7ffff,9,1,0.00895426,0.2612,False
8941a54ccbbffff,9,0,0.0,0.0,False
8941a54ce43ffff,9,1,0.04352774,0.4901,False
8941a54ce47ffff,9,0,0.0,0.0,False
8941a54ce4fffff,9,0,0.0,0.0,False
8941a54ce53ffff,9,0,0.0,0.0,False
8941a54ce57ffff,9,1,0.00525373,0.6027,False
8941a54ce5bffff,9,0,0.0,0.0,False
8941a54ce63ffff,9,1,0.03359641,0.6553,False
8941a54ce67ffff,9,0,0.0,0.0,False
8941a54ce6bffff,9,0,0.0,0.0,False
8941a54ce6fffff,9,0,0.0,0.0,False
8941a54ce77ffff,9,0,0.0,0.0,False
8941a54ce7bffff,9,0,0.0,0.0,False
8941a54cec3ffff,9,0,0.0,0.0,False
8941a54ced3ffff,9,0,0.0,0.0,False
8941a54ced7ffff,9,0,0.0,0.0,False
8941a54cedbffff,9,0,0.0,0.0,False
8941a54d0a3ffff,9,0,0.0,0.0,False
8941a54d0a7ffff,9,0,0.0,0.0,False
8941a54d0afffff,9,0,0.0,0.0,False
8941a54d0b3ffff,9,0,0.0,0.0,False
8941a54d0b7ffff,9,0,0.0,0.0,False
8941a54d0bbffff,9,0,0.0,0.0,False
8941a54d163ffff,9,0,0.0,0.0,False
8941a54d167ffff,9,0,0.0,0.0,False
8941a54d16bffff,9,0,0.0,0.0,False
8941a54d16fffff,9,0,0.0,0.0,False
8941a54d177ffff,9,0,0.0,0.0,False
8941a54d17bffff,9,0,0.0,0.0,False
8941a54d1c3ffff,9,1,0.00238394,0.4601,False
8941a54d1c7ffff,9,0,0.0,0.0,False
8941a54d1cbffff,9,0,0.0,0.0,False
8941a54d1d3ffff,9,0,0.0,0.0,False
8941a54d1d7ffff,9,0,0.0,0.0,False
8941a54d1dbffff,9,0,0.0,0.0,False
8941a54dc43ffff,9,0,0.0,0.0,False
8941a54dc47ffff,9,0,0.0,0.0,False
8941a54dc4bffff,9,0,0.0,0.0,False
8941a54dc4fffff,9,0,0.0,0.0,False
8941a54dc53ffff,9,0,0.0,0.0,False
8941a54dc5bffff,9,0,0.0,0.0,False
8941a54dcc3ffff,9,1,0.03876366,0.2616,False
8941a54dcc7ffff,9,0,0.0,0.0,False
8941a54dccbffff,9,1,0.00052161,0.2828,False
8941a54dcd3ffff,9,0,0.0,0.0,False
8941a54dcd7ffff,9,1,0.0083207,0.3826,False
8941a54dcdbffff,9,0,0.0,0.0,False
8941a54dd23ffff,9,0,0.0,0.0,False
8941a54dd27ffff,9,0,0.0,0.0,False
8941a54dd2bffff,9,0,0.0,0.0,False
8941a54dd2fffff,9,1,0.01876594,0.4367,False
8941a54dd33ffff,9,0,0.0,0.0,False
8941a54dd37ffff,9,0,0.0,0.0,False
8941a54e003ffff,9,0,0.0,0.0,False
8941a54e00bffff,9,0,0.0,0.0,False
8941a54e00fffff,9,0,0.0,0.0,False
8941a54e013ffff,9,0,0.0,0.0,False
8941a54e017ffff,9,0,0.0,0.0,False
8941a54e01bffff,9,0,0.0,0.0,False
8941a54e023ffff,9,0,0.0,0.0,False
8941a54e027ffff,9,0,0.0,0.0,False
8941a54e02bffff,9,0,0.0,0.0,False
8941a54e02fffff,9,0,0.0,0.0,False
8941a54e063ffff,9,0,0.0,0.0,False
8941a54e067ffff,9,0,0.0,0.0,False
8941a54e06fffff,9,1,0.00023635,0.2914,False
8941a54e073ffff,9,0,0.0,0.0,False
8941a54e077ffff,9,0,0.0,0.0,False
8941a54e07bffff,9,0,0.0,0.0,False
8941a54e083ffff,9,0,0.0,0.0,False
8941a54e08bffff,9,0,0.0,0.0,False
8941a54e08fffff,9,0,0.0,0.0,False
8941a54e093ffff,9,0,0.0,0.0,False
8941a54e097ffff,9,1,0.01374182,0.4463,False
8941a54e09bffff,9,0,0.0,0.0,False
8941a54e0a7ffff,9,0,0.0,0.0,False
8941a54e0afffff,9,0,0.0,0.0,False
8941a54e0b3ffff,9,1,0.00893022,0.2614,False
8941a54e0b7ffff,9,1,0.01975931,0.8038,False
8941a54e107ffff,9,0,0.0,0.0,False
8941a54e10bffff,9,0,0.0,0.0,False
8941a54e10fffff,9,0,0.0,0.0,False
8941a54e113ffff,9,0,0.0,0.0,False
8941a54e117ffff,9,0,0.0,0.0,False
8941a54e147ffff,9,0,0.0,0.0,False
8941a54e14bffff,9,1,0.00493783,0.4318,False
8941a54e14fffff,9,1,0.01413581,0.3492,False
8941a54e153ffff,9,1,0.0453831,0.5989,False
8941a54e157ffff,9,0,0.0,0.0,False
8941a54e15bffff,9,0,0.0,0.0,False
8941a54e1a3ffff,9,1,0.01167861,0.62,False
8941a54e1a7ffff,9,0,0.0,0.0,False
8941a54e1abffff,9,0,0.0,0.0,False
8941a54e1afffff,9,1,0.00044105,0.2565,False
8941a54e1b3ffff,9,0,0.0,0.0,False
8941a54e1b7ffff,9,0,0.0,0.0,False
8941a54e1bbffff,9,0,0.0,0.0,False
8941a54e1c3ffff,9,0,0.0,0.0,False
8941a54e1c7ffff,9,0,0.0,0.0,False
8941a54e1cbffff,9,0,0.0,0.0,False
8941a54e1d7ffff,9,0,0.0,0.0,False
8941a54e1dbffff,9,0,0.0,0.0,False
8941a54e223ffff,9,1,0.0226856,0.829,False
8941a54e227ffff,9,0,0.0,0.0,False
8941a54e22bffff,9,1,0.00647678,0.4117,False
8941a54e22fffff,9,0,0.0,0.0,False
8941a54e233ffff,9,0,0.0,0.0,False
8941a54e237ffff,9,0,0.0,0.0,False
8941a54e23bffff,9,1,0.01063946,0.6409,False
8941a54e24bffff,9,0,0.0,0.0,False
8941a54e24fffff,9,0,0.0,0.0,False
8941a54e253ffff,9,0,0.0,0.0,False
8941a54e257ffff,9,1,0.02250894,0.6035,False
8941a54e25bffff,9,0,0.0,0.0,False
8941a54e263ffff,9,0,0.0,0.0,False
8941a54e267ffff,9,0,0.0,0.0,False
8941a54e26fffff,9,0,0.0,0.0,False
8941a54e273ffff,9,0,0.0,0.0,False
8941a54e277ffff,9,0,0.0,0.0,False
8941a54e27bffff,9,0,0.0,0.0,False
8941a54e307ffff,9,0,0.0,0.0,False
8941a54e30bffff,9,0,0.0,0.0,False
8941a54e30fffff,9,0,0.0,0.0,False
8941a54e313ffff,9,0,0.0,0.0,False
8941a54e317ffff,9,0,0.0,0.0,False
8941a54e31bffff,9,0,0.0,0.0,False
8941a54e323ffff,9,0,0.0,0.0,False
8941a54e327ffff,9,0,0.0,0.0,False
8941a54e32fffff,9,0,0.0,0.0,False
8941a54e333ffff,9,0,0.0,0.0,False
8941a54e337ffff,9,0,0.0,0.0,False
8941a54e33bffff,9,0,0.0,0.0,False
8941a54e383ffff,9,0,0.0,0.0,False
8941a54e387ffff,9,1,0.00481147,0.4514,False
8941a54e38fffff,9,1,0.00194631,0.3609,False
8941a54e393ffff,9,0,0.0,0.0,False
8941a54e39bffff,9,1,0.00192556,0.4685,False
8941a54e3a3ffff,9,0,0.0,0.0,False
8941a54e3abffff,9,1,0.00472751,0.4668,False
8941a54e3afffff,9,0,0.0,0.0,False
8941a54e3b7ffff,9,0,0.0,0.0,False
8941a54e3bbffff,9,0,0.0,0.0,False
8941a54e403ffff,9,0,0.0,0.0,False
8941a54e40bffff,9,0,0.0,0.0,False
8941a54e40fffff,9,1,0.0039517,0.4614,False
8941a54e413ffff,9,0,0.0,0.0,False
8941a54e417ffff,9,0,0.0,0.0,False
8941a54e41bffff,9,0,0.0,0.0,False
8941a54e443ffff,9,0,0.0,0.0,False
8941a54e447ffff,9,0,0.0,0.0,False
8941a54e44bffff,9,0,0.0,0.0,False
8941a54e44fffff,9,0,0.0,0.0,False
8941a54e453ffff,9,1,0.0009388,0.3579,False
8941a54e457ffff,9,0,0.0,0.0,False
8941a54e45bffff,9,0,0.0,0.0,False
8941a54e4c3ffff,9,0,0.0,0.0,False
8941a54e4c7ffff,9,0,0.0,0.0,False
8941a54e4cbffff,9,1,0.00479453,0.4696,False
8941a54e4cfffff,9,0,0.0,0.0,False
8941a54e4d3ffff,9,0,0.0,0.0,False
8941a54e4d7ffff,9,1,0.00665259,0.3913,False
8941a54e4dbffff,9,0,0.0,0.0,False
8941a54e507ffff,9,1,0.00043073,0.2559,False
8941a54e50bffff,9,1,0.0010708,0.7293,False
8941a54e50fffff,9,0,0.0,0.0,False
8941a54e513ffff,9,0,0.0,0.0,False
8941a54e517ffff,9,1,0.00060686,0.2856,False
8941a54e51bffff,9,0,0.0,0.0,False
8941a54e523ffff,9,0,0.0,0.0,False
8941a54e527ffff,9,0,0.0,0.0,False
8941a54e52bffff,9,1,0.00056147,0.3826,False
8941a54e52fffff,9,1,0.00742423,0.2555,False
8941a54e537ffff,9,0,0.0,0.0,False
8941a54e53bffff,9,0,0.0,0.0,False
8941a54e54fffff,9,0,0.0,0.0,False
8941a54e553ffff,9,0,0.0,0.0,False
8941a54e563ffff,9,0,0.0,0.0,False
8941a54e567ffff,9,0,0.0,0.0,False
8941a54e56bffff,9,0,0.0,0.0,False
8941a54e577ffff,9,0,0.0,0.0,False
8941a54e57bffff,9,1,0.00369554,0.3582,False
8941a54e5c3ffff,9,1,0.00939596,0.369,False
8941a54e5c7ffff,9,0,0.0,0.0,False
8941a54e5cbffff,9,0,0.0,0.0,False
8941a54e5d3ffff,9,0,0.0,0.0,False
8941a54e5dbffff,9,0,0.0,0.0,False
8941a54e603ffff,9,0,0.0,0.0,False
8941a54e607ffff,9,0,0.0,0.0,False
8941a54e60bffff,9,0,0.0,0.0,False
8941a54e60fffff,9,0,0.0,0.0,False
8941a54e617ffff,9,0,0.0,0.0,False
8941a54e623ffff,9,1,0.01703434,0.2603,False
8941a54e627ffff,9,0,0.0,0.0,False
8941a54e62bffff,9,0,0.0,0.0,False
8941a54e62fffff,9,0,0.0,0.0,False
8941a54e633ffff,9,1,0.00140727,0.3587,False
8941a54e637ffff,9,0,0.0,0.0,False
8941a54e63bffff,9,0,0.0,0.0,False
8941a54e643ffff,9,1,0.01788144,0.3687,False
8941a54e647ffff,9,0,0.0,0.0,False
8941a54e64bffff,9,0,0.0,0.0,False
8941a54e64fffff,9,0,0.0,0.0,False
8941a54e653ffff,9,0,0.0,0.0,False
8941a54e65bffff,9,0,0.0,0.0,False
8941a54e667ffff,9,0,0.0,0.0,False
8941a54e66bffff,9,0,0.0,0.0,False
8941a54e66fffff,9,0,0.0,0.0,False
8941a54e673ffff,9,0,0.0,0.0,False
8941a54e677ffff,9,1,0.00499434,0.8269,False
8941a54e67bffff,9,1,0.00392409,0.3159,False
8941a54e687ffff,9,0,0.0,0.0,False
8941a54e69bffff,9,0,0.0,0.0,False
8941a54e6a3ffff,9,0,0.0,0.0,False
8941a54e6abffff,9,0,0.0,0.0,False
8941a54e6afffff,9,1,0.00563508,0.8247,False
8941a54e6b3ffff,9,1,0.00100161,0.5434,False
8941a54e6bbffff,9,0,0.0,0.0,False
8941a54e6c3ffff,9,0,0.0,0.0,False
8941a54e6c7ffff,9,0,0.0,0.0,False
8941a54e6cbffff,9,0,0.0,0.0,False
8941a54e6d3ffff,9,0,0.0,0.0,False
8941a54e6dbffff,9,1,0.00050795,0.3156,False
8941a54e803ffff,9,0,0.0,0.0,False
8941a54e807ffff,9,0,0.0,0.0,False
8941a54e813ffff,9,0,0.0,0.0,False
8941a54e817ffff,9,0,0.0,0.0,False
8941a54e81bffff,9,1,0.01257252,0.6906,False
8941a54e827ffff,9,1,0.01385197,0.2676,False
8941a54e82bffff,9,0,0.0,0.0,False
8941a54e82fffff,9,0,0.0,0.0,False
8941a54e833ffff,9,0,0.0,0.0,False
8941a54e83bffff,9,0,0.0,0.0,False
8941a54e843ffff,9,0,0.0,0.0,False
8941a54e84bffff,9,0,0.0,0.0,False
8941a54e84fffff,9,1,0.02391776,0.6229,False
8941a54e863ffff,9,0,0.0,0.0,False
8941a54e867ffff,9,0,0.0,0.0,False
8941a54e86fffff,9,0,0.0,0.0,False
8941a54e87bffff,9,1,0.01072973,0.6614,False
8941a54e883ffff,9,0,0.0,0.0,False
8941a54e887ffff,9,0,0.0,0.0,False
8941a54e88bffff,9,1,0.0006038,0.2705,False
8941a54e88fffff,9,0,0.0,0.0,False
8941a54e893ffff,9,0,0.0,0.0,False
8941a54e897ffff,9,1,0.00062031,0.6128,False
8941a54e89bffff,9,0,0.0,0.0,False
8941a54e8a3ffff,9,0,0.0,0.0,False
8941a54e8a7ffff,9,0,0.0,0.0,False
8941a54e8abffff,9,0,0.0,0.0,False
8941a54e8afffff,9,0,0.0,0.0,False
8941a54e8b3ffff,9,0,0.0,0.0,False
8941a54e8b7ffff,9,1,0.01426304,0.2849,False
8941a54e8bbffff,9,0,0.0,0.0,False
8941a54e8c3ffff,9,0,0.0,0.0,False
8941a54e8c7ffff,9,0,0.0,0.0,False
8941a54e8cbffff,9,1,0.02018472,0.3074,False
8941a54e8cfffff,9,1,0.02402538,0.3335,False
8941a54e8d3ffff,9,0,0.0,0.0,False
8941a54e8d7ffff,9,0,0.0,0.0,False
8941a54e8dbffff,9,0,0.0,0.0,False
8941a54e9c7ffff,9,0,0.0,0.0,False
8941a54e9cbffff,9,1,0.00083617,0.4602,False
8941a54e9cfffff,9,0,0.0,0.0,False
8941a54e9d3ffff,9,0,0.0,0.0,False
8941a54e9d7ffff,9,1,0.00161649,0.505,False
8941a54e9dbffff,9,0,0.0,0.0,False
8941a54ea83ffff,9,0,0.0,0.0,False
8941a54ea87ffff,9,0,0.0,0.0,False
8941a54ea8bffff,9,0,0.0,0.0,False
8941a54ea8fffff,9,0,0.0,0.0,False
8941a54ea93ffff,9,0,0.0,0.0,False
8941a54ea97ffff,9,0,0.0,0.0,False
8941a54eb83ffff,9,0,0.0,0.0,False
8941a54eb87ffff,9,0,0.0,0.0,False
8941a54eb8bffff,9,0,0.0,0.0,False
8941a54eb8fffff,9,0,0.0,0.0,False
8941a54eb93ffff,9,0,0.0,0.0,False
8941a54eb9bffff,9,0,0.0,0.0,False
8941a54ec43ffff,9,0,0.0,0.0,False
8941a54ec47ffff,9,0,0.0,0.0,False
8941a54ec4bffff,9,0,0.0,0.0,False
8941a54ec4fffff,9,0,0.0,0.0,False
8941a54ec5bffff,9,0,0.0,0.0,False
8941a54ec8fffff,9,0,0.0,0.0,False
8941a54ec93ffff,9,0,0.0,0.0,False
8941a54ec97ffff,9,0,0.0,0.0,False
8941a54ecabffff,9,1,0.0007049,0.2747,False
8941a54ecc3ffff,9,1,0.00075301,0.3575,False
8941a54ecc7ffff,9,0,0.0,0.0,False
8941a54ecd3ffff,9,0,0.0,0.0,False
8941a54ecd7ffff,9,1,0.00057171,0.3083,False
8941a54ecdbffff,9,0,0.0,0.0,False
8941a54ed03ffff,9,0,0.0,0.0,False
8941a54ed0bffff,9,0,0.0,0.0,False
8941a54ed0fffff,9,1,0.00049821,0.3763,False
8941a54ed17ffff,9,0,0.0,0.0,False
8941a54ed63ffff,9,0,0.0,0.0,False
8941a54ed67ffff,9,0,0.0,0.0,False
8941a54ed6bffff,9,1,0.00063672,0.3444,False
8941a54ed73ffff,9,0,0.0,0.0,False
8941a54ed77ffff,9,0,0.0,0.0,False
8941a54ed7bffff,9,0,0.0,0.0,False
8941a54ed87ffff,9,0,0.0,0.0,False
8941a54ed8bffff,9,0,0.0,0.0,False
8941a54ed8fffff,9,1,0.000547,0.3504,False
8941a54ed93ffff,9,0,0.0,0.0,False
8941a54ed97ffff,9,0,0.0,0.0,False
8941a54ed9bffff,9,0,0.0,0.0,False
8941a54eda7ffff,9,0,0.0,0.0,False
8941a54edabffff,9,0,0.0,0.0,False
8941a54edafffff,9,0,0.0,0.0,False
8941a54edb3ffff,9,0,0.0,0.0,False
8941a54edb7ffff,9,0,0.0,0.0,False
8941a54edc3ffff,9,1,0.00057147,0.404,False
8941a54edc7ffff,9,1,0.00071343,0.3711,False
8941a54edcbffff,9,0,0.0,0.0,False
8941a54edcfffff,9,0,0.0,0.0,False
8941a54edd3ffff,9,1,0.00204812,0.8343,False
8941a54edd7ffff,9,1,0.0148318,0.4198,False
8941a54eddbffff,9,0,0.0,0.0,False
8941a54ee07ffff,9,0,0.0,0.0,False
8941a54ee0fffff,9,0,0.0,0.0,False
8941a54ee13ffff,9,0,0.0,0.0,False
8941a54ee17ffff,9,0,0.0,0.0,False
8941a54ee4bffff,9,0,0.0,0.0,False
8941a54ee4fffff,9,0,0.0,0.0,False
8941a54ee53ffff,9,0,0.0,0.0,False
8941a54ee5bffff,9,0,0.0,0.0,False
8941a54ee6bffff,9,0,0.0,0.0,False
8941a54ee6fffff,9,0,0.0,0.0,False
8941a54ee73ffff,9,0,0.0,0.0,False
8941a54ee77ffff,9,0,0.0,0.0,False
8941a54ee7bffff,9,0,0.0,0.0,False
8941a54ee83ffff,9,0,0.0,0.0,False
8941a54ee87ffff,9,0,0.0,0.0,False
8941a54ee8bffff,9,0,0.0,0.0,False
8941a54ee8fffff,9,1,0.00548242,0.323,False
8941a54ee93ffff,9,0,0.0,0.0,False
8941a54ee97ffff,9,0,0.0,0.0,False
8941a54ee9bffff,9,1,0.00065029,0.3976,False
8941a54eea3ffff,9,0,0.0,0.0,False
8941a54eeabffff,9,0,0.0,0.0,False
8941a54eeafffff,9,1,0.00066668,0.583,False
8941a54eeb3ffff,9,0,0.0,0.0,False
8941a54eeb7ffff,9,0,0.0,0.0,False
8941a54eebbffff,9,0,0.0,0.0,False
8941a54eec3ffff,9,0,0.0,0.0,False
8941a54eec7ffff,9,0,0.0,0.0,False
8941a54eecbffff,9,1,0.00048645,0.324,False
8941a54eecfffff,9,0,0.0,0.0,False
8941a54eed7ffff,9,0,0.0,0.0,False
8941a54eedbffff,9,0,0.0,0.0,False
8941a54f003ffff,9,0,0.0,0.0,False
8941a54f00bffff,9,0,0.0,0.0,False
8941a54f013ffff,9,0,0.0,0.0,False
8941a54f017ffff,9,0,0.0,0.0,False
8941a54f01bffff,9,0,0.0,0.0,False
8941a54f023ffff,9,0,0.0,0.0,False
8941a54f027ffff,9,1,0.01258574,0.3937,False
8941a54f02bffff,9,0,0.0,0.0,False
8941a54f033ffff,9,0,0.0,0.0,False
8941a54f037ffff,9,0,0.0,0.0,False
8941a54f03bffff,9,0,0.0,0.0,False
8941a54f063ffff,9,0,0.0,0.0,False
8941a54f067ffff,9,0,0.0,0.0,False
8941a54f06bffff,9,0,0.0,0.0,False
8941a54f06fffff,9,0,0.0,0.0,False
8941a54f077ffff,9,0,0.0,0.0,False
8941a54f083ffff,9,0,0.0,0.0,False
8941a54f08bffff,9,0,0.0,0.0,False
8941a54f097ffff,9,0,0.0,0.0,False
8941a54f09bffff,9,1,0.00445619,0.5297,False
8941a54f0a7ffff,9,0,0.0,0.0,False
8941a54f0abffff,9,0,0.0,0.0,False
8941a54f0afffff,9,0,0.0,0.0,False
8941a54f0b3ffff,9,1,0.00879268,0.6261,False
8941a54f0b7ffff,9,1,0.0007393,0.4103,False
8941a54f143ffff,9,1,0.0065585,0.485,False
8941a54f147ffff,9,0,0.0,0.0,False
8941a54f14bffff,9,0,0.0,0.0,False
8941a54f14fffff,9,0,0.0,0.0,False
8941a54f153ffff,9,0,0.0,0.0,False
8941a54f157ffff,9,0,0.0,0.0,False
8941a54f163ffff,9,0,0.0,0.0,False
8941a54f167ffff,9,0,0.0,0.0,False
8941a54f16fffff,9,0,0.0,0.0,False
8941a54f173ffff,9,0,0.0,0.0,False
8941a54f177ffff,9,0,0.0,0.0,False
8941a54f17bffff,9,0,0.0,0.0,False
8941a54f183ffff,9,1,0.04887575,0.317,False
8941a54f187ffff,9,1,0.01036258,0.2587,False
8941a54f18bffff,9,0,0.0,0.0,False
8941a54f193ffff,9,0,0.0,0.0,False
8941a54f197ffff,9,0,0.0,0.0,False
8941a54f19bffff,9,1,0.01078454,0.8309,False
8941a54f1a7ffff,9,0,0.0,0.0,False
8941a54f1abffff,9,0,0.0,0.0,False
8941a54f1afffff,9,0,0.0,0.0,False
8941a54f1b3ffff,9,1,0.01595902,0.6685,False
8941a54f1b7ffff,9,0,0.0,0.0,False
8941a54f1bbffff,9,0,0.0,0.0,False
8941a54f1c7ffff,9,0,0.0,0.0,False
8941a54f1cbffff,9,0,0.0,0.0,False
8941a54f1cfffff,9,0,0.0,0.0,False
8941a54f1d3ffff,9,0,0.0,0.0,False
8941a54f203ffff,9,0,0.0,0.0,False
8941a54f20bffff,9,0,0.0,0.0,False
8941a54f213ffff,9,0,0.0,0.0,False
8941a54f217ffff,9,0,0.0,0.0,False
8941a54f21bffff,9,1,0.00049776,0.367,False
8941a54f243ffff,9,0,0.0,0.0,False
8941a54f247ffff,9,0,0.0,0.0,False
8941a54f24bffff,9,0,0.0,0.0,False
8941a54f253ffff,9,1,0.00044716,0.2741,False
8941a54f25bffff,9,0,0.0,0.0,False
8941a54f2a7ffff,9,0,0.0,0.0,False
8941a54f2abffff,9,1,0.02237124,0.6565,False
8941a54f2afffff,9,0,0.0,0.0,False
8941a54f2b3ffff,9,0,0.0,0.0,False
8941a54f2bbffff,9,0,0.0,0.0,False
8941a54f2c3ffff,9,1,0.02618971,0.372,False
8941a54f2c7ffff,9,0,0.0,0.0,False
8941a54f2cbffff,9,0,0.0,0.0,False
8941a54f2d3ffff,9,0,0.0,0.0,False
8941a54f2d7ffff,9,0,0.0,0.0,False
8941a54f2dbffff,9,0,0.0,0.0,False
8941a54f323ffff,9,1,0.03655351,0.2904,False
8941a54f327ffff,9,0,0.0,0.0,False
8941a54f32bffff,9,0,0.0,0.0,False
8941a54f32fffff,9,1,0.00037611,0.2655,False
8941a54f333ffff,9,0,0.0,0.0,False
8941a54f337ffff,9,0,0.0,0.0,False
8941a54f33bffff,9,0,0.0,0.0,False
8941a54f403ffff,9,0,0.0,0.0,False
8941a54f407ffff,9,0,0.0,0.0,False
8941a54f40fffff,9,0,0.0,0.0,False
8941a54f413ffff,9,0,0.0,0.0,False
8941a54f41bffff,9,0,0.0,0.0,False
8941a54f443ffff,9,0,0.0,0.0,False
8941a54f447ffff,9,0,0.0,0.0,False
8941a54f44bffff,9,0,0.0,0.0,False
8941a54f44fffff,9,0,0.0,0.0,False
8941a54f453ffff,9,0,0.0,0.0,False
8941a54f457ffff,9,0,0.0,0.0,False
8941a54f45bffff,9,0,0.0,0.0,False
8941a54f4a3ffff,9,1,0.03053342,0.3412,False
8941a54f4a7ffff,9,0,0.0,0.0,False
8941a54f4abffff,9,0,0.0,0.0,False
8941a54f4afffff,9,0,0.0,0.0,False
8941a54f4b3ffff,9,1,0.01895634,0.8488,False
8941a54f4b7ffff,9,0,0.0,0.0,False
8941a54f4bbffff,9,0,0.0,0.0,False
8941a54f4c7ffff,9,0,0.0,0.0,False
8941a54f4cfffff,9,0,0.0,0.0,False
8941a54f4d3ffff,9,0,0.0,0.0,False
8941a54f503ffff,9,0,0.0,0.0,False
8941a54f507ffff,9,0,0.0,0.0,False
8941a54f50bffff,9,0,0.0,0.0,False
8941a54f50fffff,9,0,0.0,0.0,False
8941a54f513ffff,9,0,0.0,0.0,False
8941a54f51bffff,9,1,0.00047133,0.3737,False
8941a54f523ffff,9,0,0.0,0.0,False
8941a54f527ffff,9,0,0.0,0.0,False
8941a54f52bffff,9,0,0.0,0.0,False
8941a54f533ffff,9,0,0.0,0.0,False
8941a54f537ffff,9,0,0.0,0.0,False
8941a54f53bffff,9,0,0.0,0.0,False
8941a54f563ffff,9,1,0.02908243,0.5376,False
8941a54f567ffff,9,0,0.0,0.0,False
8941a54f56bffff,9,0,0.0,0.0,False
8941a54f56fffff,9,0,0.0,0.0,False
8941a54f573ffff,9,0,0.0,0.0,False
8941a54f577ffff,9,0,0.0,0.0,False
8941a54f5a3ffff,9,0,0.0,0.0,False
8941a54f5a7ffff,9,0,0.0,0.0,False
8941a54f5abffff,9,0,0.0,0.0,False
8941a54f5afffff,9,0,0.0,0.0,False
8941a54f5b3ffff,9,0,0.0,0.0,False
8941a54f5b7ffff,9,0,0.0,0.0,False
8941a54f643ffff,9,1,0.0006726,0.4909,False
8941a54f64bffff,9,0,0.0,0.0,False
8941a54f64fffff,9,0,0.0,0.0,False
8941a54f653ffff,9,0,0.0,0.0,False
8941a54f657ffff,9,0,0.0,0.0,False
8941a54f65bffff,9,0,0.0,0.0,False
8941a54f663ffff,9,0,0.0,0.0,False
8941a54f667ffff,9,0,0.0,0.0,False
8941a54f66bffff,9,0,0.0,0.0,False
8941a54f673ffff,9,0,0.0,0.0,False
8941a54f677ffff,9,0,0.0,0.0,False
8941a54f67bffff,9,0,0.0,0.0,False
8941a54f6a7ffff,9,0,0.0,0.0,False
8941a54f6abffff,9,0,0.0,0.0,False
8941a54f6b3ffff,9,0,0.0,0.0,False
8941a54f6b7ffff,9,0,0.0,0.0,False
8941a54f6c3ffff,9,0,0.0,0.0,False
8941a54f6c7ffff,9,0,0.0,0.0,False
8941a54f6cbffff,9,1,0.03901994,0.3026,False
8941a54f6cfffff,9,0,0.0,0.0,False
8941a54f6d3ffff,9,0,0.0,0.0,False
8941a54f6d7ffff,9,0,0.0,0.0,False
8941a54f6dbffff,9,1,0.04149718,0.5649,False
8a41a5418587fff,10,0,0.0,0.0,False
8a41a541858ffff,10,0,0.0,0.0,False
8a41a5418597fff,10,2,0.0,0.0,False
8a41a541859ffff,10,0,0.0,0.0,False
8a41a54185a7fff,10,0,0.0,0.0,False
8a41a54185affff,10,0,0.0,0.0,False
8a41a54185b7fff,10,0,0.0,0.0,False
8a41a5418647fff,10,0,0.0,0.0,False
8a41a541864ffff,10,0,0.0,0.0,False
8a41a5418657fff,10,2,0.0,0.0,False
8a41a541865ffff,10,0,0.0,0.0,False
8a41a5418667fff,10,0,0.0,0.0,False
8a41a541866ffff,10,0,0.0,0.0,False
8a41a5418677fff,10,0,0.0,0.0,False
8a41a5418c47fff,10,0,0.0,0.0,False
8a41a5418c4ffff,10,0,0.0,0.0,False
8a41a5418c57fff,10,0,0.0,0.0,False
8a41a5418c5ffff,10,0,0.0,0.0,False
8a41a5418c67fff,10,0,0.0,0.0,False
8a41a5418c6ffff,10,0,0.0,0.0,False
8a41a5418c77fff,10,1,0.0,0.0,False
8a41a5419207fff,10,0,0.0,0.0,False
8a41a541920ffff,10,0,0.0,0.0,False
8a41a5419217fff,10,6,0.0,0.0,False
8a41a541921ffff,10,0,0.0,0.0,False
8a41a5419227fff,10,0,0.0,0.0,False
8a41a541922ffff,10,0,0.0,0.0,False
8a41a5419237fff,10,0,0.0,0.0,False
8a41a5419307fff,10,0,0.0,0.0,False
8a41a541930ffff,10,0,0.0,0.0,False
8a41a5419317fff,10,3,0.0,0.0,False
8a41a541931ffff,10,0,0.0,0.0,False
8a41a5419327fff,10,0,0.0,0.0,False
8a41a541932ffff,10,1,0.0,0.0,False
8a41a5419337fff,10,0,0.0,0.0,False
8a41a5419387fff,10,2,0.0,0.0,False
8a41a541938ffff,10,2,0.0,0.0,False
8a41a5419397fff,10,0,0.0,0.0,False
8a41a541939ffff,10,0,0.0,0.0,False
8a41a54193a7fff,10,0,0.0,0.0,False
8a41a54193affff,10,2,0.0,0.0,False
8a41a54193b7fff,10,0,0.0,0.0,False
8a41a5419407fff,10,0,0.0,0.0,False
8a41a541940ffff,10,0,0.0,0.0,False
8a41a5419417fff,10,0,0.0,0.0,False
8a41a541941ffff,10,2,0.0,0.0,False
8a41a5419427fff,10,0,0.0,0.0,False
8a41a541942ffff,10,0,0.0,0.0,False
8a41a5419437fff,10,0,0.0,0.0,False
8a41a5419547fff,10,0,0.0,0.0,False
8a41a541954ffff,10,0,0.0,0.0,False
8a41a5419557fff,10,0,0.0,0.0,False
8a41a541955ffff,10,0,0.0,0.0,False
8a41a5419567fff,10,0,0.0,0.0,False
8a41a541956ffff,10,1,0.0,0.0,False
8a41a5419577fff,10,0,0.0,0.0,False
8a41a5419587fff,10,0,0.0,0.0,False
8a41a541958ffff,10,0,0.0,0.0,False
8a41a5419597fff,10,0,0.0,0.0,False
8a41a541959ffff,10,0,0.0,0.0,False
8a41a54195a7fff,10,0,0.0,0.0,False
8a41a54195affff,10,3,0.0,0.0,False
8a41a54195b7fff,10,0,0.0,0.0,False
8a41a5419887fff,10,0,0.0,0.0,False
8a41a541988ffff,10,0,0.0,0.0,False
8a41a5419897fff,10,0,0.0,0.0,False
8a41a541989ffff,10,0,0.0,0.0,False
8a41a54198a7fff,10,5,0.0,0.0,False
8a41a54198affff,10,0,0.0,0.0,False
8a41a54198b7fff,10,0,0.0,0.0,False
8a41a5419c07fff,10,0,0.0,0.0,False
8a41a5419c0ffff,10,0,0.0,0.0,False
8a41a5419c17fff,10,0,0.0,0.0,False
8a41a5419c1ffff,10,0,0.0,0.0,False
8a41a5419c27fff,10,0,0.0,0.0,False
8a41a5419c2ffff,10,0,0.0,0.0,False
8a41a5419c37fff,10,0,0.0,0.0,False
8a41a5419d47fff,10,0,0.0,0.0,False
8a41a5419d4ffff,10,0,0.0,0.0,False
8a41a5419d57fff,10,2,0.0,0.0,False
8a41a5419d5ffff,10,0,0.0,0.0,False
8a41a5419d67fff,10,0,0.0,0.0,False
8a41a5419d6ffff,10,0,0.0,0.0,False
8a41a5419d77fff,10,0,0.0,0.0,False
8a41a541a287fff,10,0,0.0,0.0,False
8a41a541a28ffff,10,0,0.0,0.0,False
8a41a541a297fff,10,1,0.0,0.0,False
8a41a541a29ffff,10,0,0.0,0.0,False
8a41a541a2a7fff,10,0,0.0,0.0,False
8a41a541a2affff,10,0,0.0,0.0,False
8a41a541a2b7fff,10,1,0.0,0.0,False
8a41a541a2c7fff,10,0,0.0,0.0,False
8a41a541a2cffff,10,0,0.0,0.0,False
8a41a541a2d7fff,10,0,0.0,0.0,False
8a41a541a2dffff,10,0,0.0,0.0,False
8a41a541a2e7fff,10,0,0.0,0.0,False
8a41a541a2effff,10,0,0.0,0.0,False
8a41a541a2f7fff,10,2,0.0,0.0,False
8a41a541a4c7fff,10,0,0.0,0.0,False
8a41a541a4cffff,10,0,0.0,0.0,False
8a41a541a4d7fff,10,0,0.0,0.0,False
8a41a541a4dffff,10,0,0.0,0.0,False
8a41a541a4e7fff,10,0,0.0,0.0,False
8a41a541a4effff,10,1,0.0,0.0,False
8a41a541a4f7fff,10,0,0.0,0.0,False
8a41a541a687fff,10,0,0.0,0.0,False
8a41a541a68ffff,10,0,0.0,0.0,False
8a41a541a697fff,10,0,0.0,0.0,False
8a41a541a69ffff,10,1,0.0,0.0,False
8a41a541a6a7fff,10,1,0.0,0.0,False
8a41a541a6affff,10,0,0.0,0.0,False
8a41a541a6b7fff,10,0,0.0,0.0,False
8a41a541ac07fff,10,0,0.0,0.0,False
8a41a541ac0ffff,10,0,0.0,0.0,False
8a41a541ac17fff,10,0,0.0,0.0,False
8a41a541ac1ffff,10,0,0.0,0.0,False
8a41a541ac27fff,10,0,0.0,0.0,False
8a41a541ac2ffff,10,1,0.0,0.0,False
8a41a541ac37fff,10,0,0.0,0.0,False
8a41a541b047fff,10,0,0.0,0.0,False
8a41a541b04ffff,10,0,0.0,0.0,False
8a41a541b057fff,10,2,0.0,0.0,False
8a41a541b05ffff,10,0,0.0,0.0,False
8a41a541b067fff,10,0,0.0,0.0,False
8a41a541b06ffff,10,0,0.0,0.0,False
8a41a541b077fff,10,0,0.0,0.0,False
8a41a541b307fff,10,0,0.0,0.0,False
8a41a541b30ffff,10,0,0.0,0.0,False
8a41a541b317fff,10,0,0.0,0.0,False
8a41a541b31ffff,10,0,0.0,0.0,False
8a41a541b327fff,10,1,0.0,0.0,False
8a41a541b32ffff,10,0,0.0,0.0,False
8a41a541b337fff,10,0,0.0,0.0,False
8a41a541b4c7fff,10,0,0.0,0.0,False
8a41a541b4cffff,10,4,0.0,0.0,False
8a41a541b4d7fff,10,0,0.0,0.0,False
8a41a541b4dffff,10,1,0.0,0.0,False
8a41a541b4e7fff,10,0,0.0,0.0,False
8a41a541b4effff,10,0,0.0,0.0,False
8a41a541b4f7fff,10,0,0.0,0.0,False
8a41a541b587fff,10,0,0.0,0.0,False
8a41a541b58ffff,10,0,0.0,0.0,False
8a41a541b597fff,10,0,0.0,0.0,False
8a41a541b59ffff,10,1,0.0,0.0,False
8a41a541b5a7fff,10,0,0.0,0.0,False
8a41a541b5affff,10,0,0.0,0.0,False
8a41a541b5b7fff,10,0,0.0,0.0,False
8a41a541b787fff,10,0,0.0,0.0,False
8a41a541b78ffff,10,0,0.0,0.0,False
8a41a541b797fff,10,0,0.0,0.0,False
8a41a541b79ffff,10,0,0.0,0.0,False
8a41a541b7a7fff,10,2,0.0,0.0,False
8a41a541b7affff,10,0,0.0,0.0,False
8a41a541b7b7fff,10,0,0.0,0.0,False
8a41a541bb07fff,10,0,0.0,0.0,False
8a41a541bb0ffff,10,0,0.0,0.0,False
8a41a541bb17fff,10,0,0.0,0.0,False
8a41a541bb1ffff,10,2,0.0,0.0,False
8a41a541bb27fff,10,0,0.0,0.0,False
8a41a541bb2ffff,10,0,0.0,0.0,False
8a41a541bb37fff,10,0,0.0,0.0,False
8a41a541c607fff,10,1,0.0,0.0,False
8a41a541c60ffff,10,0,0.0,0.0,False
8a41a541c617fff,10,0,0.0,0.0,False
8a41a541c61ffff,10,0,0.0,0.0,False
8a41a541c627fff,10,0,0.0,0.0,False
8a41a541c62ffff,10,0,0.0,0.0,False
8a41a541c637fff,10,9,0.0,0.0,False
8a41a541c707fff,10,0,0.0,0.0,False
8a41a541c70ffff,10,0,0.0,0.0,False
8a41a541c717fff,10,0,0.0,0.0,False
8a41a541c71ffff,10,2,0.0,0.0,False
8a41a541c727fff,10,0,0.0,0.0,False
8a41a541c72ffff,10,0,0.0,0.0,False
8a41a541c737fff,10,0,0.0,0.0,False
8a41a5452007fff,10,0,0.0,0.0,False
8a41a545200ffff,10,0,0.0,0.0,False
8a41a5452017fff,10,0,0.0,0.0,False
8a41a545201ffff,10,2,0.0,0.0,False
8a41a5452027fff,10,0,0.0,0.0,False
8a41a545202ffff,10,0,0.0,0.0,False
8a41a5452037fff,10,0,0.0,0.0,False
8a41a5452187fff,10,0,0.0,0.0,False
8a41a545218ffff,10,0,0.0,0.0,False
8a41a5452197fff,10,1,0.0,0.0,False
8a41a545219ffff,10,0,0.0,0.0,False
8a41a54521a7fff,10,0,0.0,0.0,False
8a41a54521affff,10,0,0.0,0.0,False
8a41a54521b7fff,10,1,0.0,0.0,False
8a41a5452207fff,10,0,0.0,0.0,False
8a41a545220ffff,10,0,0.0,0.0,False
8a41a5452217fff,10,1,0.0,0.0,False
8a41a545221ffff,10,1,0.0,0.0,False
8a41a5452227fff,10,0,0.0,0.0,False
8a41a545222ffff,10,0,0.0,0.0,False
8a41a5452237fff,10,0,0.0,0.0,False
8a41a5452387fff,10,6,0.0,0.0,False
8a41a545238ffff,10,6,0.0,0.0,False
8a41a5452397fff,10,0,0.0,0.0,False
8a41a545239ffff,10,0,0.0,0.0,False
8a41a54523a7fff,10,0,0.0,0.0,False
8a41a54523affff,10,0,0.0,0.0,False
8a41a54523b7fff,10,1,0.0,0.0,False
8a41a5452d87fff,10,0,0.0,0.0,False
8a41a5452d8ffff,10,0,0.0,0.0,False
8a41a5452d97fff,10,0,0.0,0.0,False
8a41a5452d9ffff,10,2,0.0,0.0,False
8a41a5452da7fff,10,0,0.0,0.0,False
8a41a5452daffff,10,0,0.0,0.0,False
8a41a5452db7fff,10,0,0.0,0.0,False
8a41a5453407fff,10,0,0.0,0.0,False
8a41a545340ffff,10,0,0.0,0.0,False
8a41a5453417fff,10,1,0.0,0.0,False
8a41a545341ffff,10,3,0.0,0.0,False
8a41a5453427fff,10,0,0.0,0.0,False
8a41a545342ffff,10,0,0.0,0.0,False
8a41a5453437fff,10,0,0.0,0.0,False
8a41a5453487fff,10,1,0.0,0.0,False
8a41a545348ffff,10,0,0.0,0.0,False
8a41a5453497fff,10,0,0.0,0.0,False
8a41a545349ffff,10,0,0.0,0.0,False
8a41a54534a7fff,10,2,0.0,0.0,False
8a41a54534affff,10,9,0.0,0.0,False
8a41a54534b7fff,10,0,0.0,0.0,False
8a41a54534c7fff,10,0,0.0,0.0,False
8a41a54534cffff,10,0,0.0,0.0,False
8a41a54534d7fff,10,0,0.0,0.0,False
8a41a54534dffff,10,0,0.0,0.0,False
8a41a54534e7fff,10,1,0.0,0.0,False
8a41a54534effff,10,0,0.0,0.0,False
8a41a54534f7fff,10,4,0.0,0.0,False
8a41a5453587fff,10,0,0.0,0.0,False
8a41a545358ffff,10,2,0.0,0.0,False
8a41a5453597fff,10,0,0.0,0.0,False
8a41a545359ffff,10,0,0.0,0.0,False
8a41a54535a7fff,10,0,0.0,0.0,False
8a41a54535affff,10,0,0.0,0.0,False
8a41a54535b7fff,10,0,0.0,0.0,False
8a41a5453607fff,10,0,0.0,0.0,False
8a41a545360ffff,10,0,0.0,0.0,False
8a41a5453617fff,10,1,0.0,0.0,False
8a41a545361ffff,10,3,0.0,0.0,False
8a41a5453627fff,10,0,0.0,0.0,False
8a41a545362ffff,10,0,0.0,0.0,False
8a41a5453637fff,10,0,0.0,0.0,False
8a41a5453687fff,10,0,0.0,0.0,False
8a41a545368ffff,10,0,0.0,0.0,False
8a41a5453697fff,10,0,0.0,0.0,False
8a41a545369ffff,10,0,0.0,0.0,False
8a41a54536a7fff,10,0,0.0,0.0,False
8a41a54536affff,10,0,0.0,0.0,False
8a41a54536b7fff,10,0,0.0,0.0,False
8a41a5489007fff,10,2,0.0,0.0,False
8a41a548900ffff,10,0,0.0,0.0,False
8a41a5489017fff,10,0,0.0,0.0,False
8a41a548901ffff,10,0,0.0,0.0,False
8a41a5489027fff,10,0,0.0,0.0,False
8a41a548902ffff,10,0,0.0,0.0,False
8a41a5489037fff,10,0,0.0,0.0,False
8a41a5489407fff,10,0,0.0,0.0,False
8a41a548940ffff,10,0,0.0,0.0,False
8a41a5489417fff,10,0,0.0,0.0,False
8a41a548941ffff,10,0,0.0,0.0,False
8a41a5489427fff,10,2,0.0,0.0,False
8a41a548942ffff,10,1,0.0,0.0,False
8a41a5489437fff,10,0,0.0,0.0,False
8a41a5489587fff,10,7,0.0,0.0,False
8a41a548958ffff,10,7,0.0,0.0,False
8a41a5489597fff,10,0,0.0,0.0,False
8a41a548959ffff,10,2,0.0,0.0,False
8a41a54895a7fff,10,0,0.0,0.0,False
8a41a54895affff,10,0,0.0,0.0,False
8a41a54895b7fff,10,0,0.0,0.0,False
8a41a5489807fff,10,0,0.0,0.0,False
8a41a548980ffff,10,0,0.0,0.0,False
8a41a5489817fff,10,0,0.0,0.0,False
8a41a548981ffff,10,0,0.0,0.0,False
8a41a5489827fff,10,0,0.0,0.0,False
8a41a548982ffff,10,3,0.0,0.0,False
8a41a5489837fff,10,0,0.0,0.0,False
8a41a5489847fff,10,0,0.0,0.0,False
8a41a548984ffff,10,0,0.0,0.0,False
8a41a5489857fff,10,1,0.0,0.0,False
8a41a548985ffff,10,3,0.0,0.0,False
8a41a5489867fff,10,0,0.0,0.0,False
8a41a548986ffff,10,0,0.0,0.0,False
8a41a5489877fff,10,2,0.0,0.0,False
8a41a5489a07fff,10,0,0.0,0.0,False
8a41a5489a0ffff,10,0,0.0,0.0,False
8a41a5489a17fff,10,25,0.0,0.0,False
8a41a5489a1ffff,10,0,0.0,0.0,False
8a41a5489a27fff,10,1,0.0,0.0,False
8a41a5489a2ffff,10,0,0.0,0.0,False
8a41a5489a37fff,10,0,0.0,0.0,False
8a41a5489a87fff,10,0,0.0,0.0,False
8a41a5489a8ffff,10,0,0.0,0.0,False
8a41a5489a97fff,10,0,0.0,0.0,False
8a41a5489a9ffff,10,0,0.0,0.0,False
8a41a5489aa7fff,10,20,0.0,0.0,False
8a41a5489aaffff,10,0,0.0,0.0,False
8a41a5489ab7fff,10,0,0.0,0.0,False
8a41a5489b07fff,10,0,0.0,0.0,False
8a41a5489b0ffff,10,1,0.0,0.0,False
8a41a5489b17fff,10,0,0.0,0.0,False
8a41a5489b1ffff,10,0,0.0,0.0,False
8a41a5489b27fff,10,7,0.0,0.0,False
8a41a5489b2ffff,10,8,0.0,0.0,False
8a41a5489b37fff,10,0,0.0,0.0,False
8a41a5489b87fff,10,0,0.0,0.0,False
8a41a5489b8ffff,10,10,0.0,0.0,False
8a41a5489b97fff,10,0,0.0,0.0,False
8a41a5489b9ffff,10,0,0.0,0.0,False
8a41a5489ba7fff,10,0,0.0,0.0,False
8a41a5489baffff,10,0,0.0,0.0,False
8a41a5489bb7fff,10,0,0.0,0.0,False
8a41a5489c47fff,10,0,0.0,0.0,False
8a41a5489c4ffff,10,5,0.0,0.0,False
8a41a5489c57fff,10,0,0.0,0.0,False
8a41a5489c5ffff,10,0,0.0,0.0,False
8a41a5489c67fff,10,3,0.0,0.0,False
8a41a5489c6ffff,10,2,0.0,0.0,False
8a41a5489c77fff,10,2,0.0,0.0,False
8a41a5489cc7fff,10,1,0.0,0.0,False
8a41a5489ccffff,10,0,0.0,0.0,False
8a41a5489cd7fff,10,4,0.0,0.0,False
8a41a5489cdffff,10,8,0.0,0.0,False
8a41a5489ce7fff,10,0,0.0,0.0,False
8a41a5489ceffff,10,0,0.0,0.0,False
8a41a5489cf7fff,10,2,0.0,0.0,False
8a41a548bb87fff,10,1,0.0,0.0,False
8a41a548bb8ffff,10,0,0.0,0.0,False
8a41a548bb97fff,10,0,0.0,0.0,False
8a41a548bb9ffff,10,0,0.0,0.0,False
8a41a548bba7fff,10,0,0.0,0.0,False
8a41a548bbaffff,10,0,0.0,0.0,False
8a41a548bbb7fff,10,0,0.0,0.0,False
8a41a548c0c7fff,10,0,0.0,0.0,False
8a41a548c0cffff,10,7,0.0,0.0,False
8a41a548c0d7fff,10,0,0.0,0.0,False
8a41a548c0dffff,10,1,0.0,0.0,False
8a41a548c0e7fff,10,0,0.0,0.0,False
8a41a548c0effff,10,1,0.0,0.0,False
8a41a548c0f7fff,10,0,0.0,0.0,False
8a41a548c287fff,10,0,0.0,0.0,False
8a41a548c28ffff,10,1,0.0,0.0,False
8a41a548c297fff,10,2,0.0,0.0,False
8a41a548c29ffff,10,1,0.0,0.0,False
8a41a548c2a7fff,10,0,0.0,0.0,False
8a41a548c2affff,10,0,0.0,0.0,False
8a41a548c2b7fff,10,0,0.0,0.0,False
8a41a548c387fff,10,0,0.0,0.0,False
8a41a548c38ffff,10,0,0.0,0.0,False
8a41a548c397fff,10,0,0.0,0.0,False
8a41a548c39ffff,10,0,0.0,0.0,False
8a41a548c3a7fff,10,0,0.0,0.0,False
8a41a548c3affff,10,0,0.0,0.0,False
8a41a548c3b7fff,10,0,0.0,0.0,False
8a41a548c4c7fff,10,0,0.0,0.0,False
8a41a548c4cffff,10,0,0.0,0.0,False
8a41a548c4d7fff,10,3,0.0,0.0,False
8a41a548c4dffff,10,0,0.0,0.0,False
8a41a548c4e7fff,10,0,0.0,0.0,False
8a41a548c4effff,10,0,0.0,0.0,False
8a41a548c4f7fff,10,0,0.0,0.0,False
8a41a548c607fff,10,1,0.0,0.0,False
8a41a548c60ffff,10,1,0.0,0.0,False
8a41a548c617fff,10,0,0.0,0.0,False
8a41a548c61ffff,10,0,0.0,0.0,False
8a41a548c627fff,10,0,0.0,0.0,False
8a41a548c62ffff,10,1,0.0,0.0,False
8a41a548c637fff,10,0,0.0,0.0,False
8a41a548c707fff,10,0,0.0,0.0,False
8a41a548c70ffff,10,1,0.0,0.0,False
8a41a548c717fff,10,1,0.0,0.0,False
8a41a548c71ffff,10,0,0.0,0.0,False
8a41a548c727fff,10,1,0.0,0.0,False
8a41a548c72ffff,10,0,0.0,0.0,False
8a41a548c737fff,10,0,0.0,0.0,False
8a41a548c747fff,10,0,0.0,0.0,False
8a41a548c74ffff,10,1,0.0,0.0,False
8a41a548c757fff,10,0,0.0,0.0,False
8a41a548c75ffff,10,1,0.0,0.0,False
8a41a548c767fff,10,0,0.0,0.0,False
8a41a548c76ffff,10,0,0.0,0.0,False
8a41a548c777fff,10,0,0.0,0.0,False
8a41a548c787fff,10,0,0.0,0.0,False
8a41a548c78ffff,10,0,0.0,0.0,False
8a41a548c797fff,10,0,0.0,0.0,False
8a41a548c79ffff,10,2,0.0,0.0,False
8a41a548c7a7fff,10,0,0.0,0.0,False
8a41a548c7affff,10,0,0.0,0.0,False
8a41a548c7b7fff,10,0,0.0,0.0,False
8a41a548cb87fff,10,0,0.0,0.0,False
8a41a548cb8ffff,10,0,0.0,0.0,False
8a41a548cb97fff,10,0,0.0,0.0,False
8a41a548cb9ffff,10,0,0.0,0.0,False
8a41a548cba7fff,10,0,0.0,0.0,False
8a41a548cbaffff,10,2,0.0,0.0,False
8a41a548cbb7fff,10,0,0.0,0.0,False
8a41a548d207fff,10,0,0.0,0.0,False
8a41a548d20ffff,10,3,0.0,0.0,False
8a41a548d217fff,10,0,0.0,0.0,False
8a41a548d21ffff,10,0,0.0,0.0,False
8a41a548d227fff,10,0,0.0,0.0,False
8a41a548d22ffff,10,0,0.0,0.0,False
8a41a548d237fff,10,0,0.0,0.0,False
8a41a548d347fff,10,0,0.0,0.0,False
8a41a548d34ffff,10,0,0.0,0.0,False
8a41a548d357fff,10,0,0.0,0.0,False
8a41a548d35ffff,10,2,0.0,0.0,False
8a41a548d367fff,10,0,0.0,0.0,False
8a41a548d36ffff,10,0,0.0,0.0,False
8a41a548d377fff,10,0,0.0,0.0,False
8a41a548d707fff,10,0,0.0,0.0,False
8a41a548d70ffff,10,0,0.0,0.0,False
8a41a548d717fff,10,0,0.0,0.0,False
8a41a548d71ffff,10,0,0.0,0.0,False
8a41a548d727fff,10,0,0.0,0.0,False
8a41a548d72ffff,10,1,0.0,0.0,False
8a41a548d737fff,10,0,0.0,0.0,False
8a41a548e107fff,10,0,0.0,0.0,False
8a41a548e10ffff,10,0,0.0,0.0,False
8a41a548e117fff,10,1,0.0,0.0,False
8a41a548e11ffff,10,0,0.0,0.0,False
8a41a548e127fff,10,0,0.0,0.0,False
8a41a548e12ffff,10,0,0.0,0.0,False
8a41a548e137fff,10,2,0.0,0.0,False
8a41a548e187fff,10,0,0.0,0.0,False
8a41a548e18ffff,10,0,0.0,0.0,False
8a41a548e197fff,10,0,0.0,0.0,False
8a41a548e19ffff,10,0,0.0,0.0,False
8a41a548e1a7fff,10,1,0.0,0.0,False
8a41a548e1affff,10,0,0.0,0.0,False
8a41a548e1b7fff,10,0,0.0,0.0,False
8a41a548e687fff,10,0,0.0,0.0,False
8a41a548e68ffff,10,1,0.0,0.0,False
8a41a548e697fff,10,0,0.0,0.0,False
8a41a548e69ffff,10,1,0.0,0.0,False
8a41a548e6a7fff,10,0,0.0,0.0,False
8a41a548e6affff,10,0,0.0,0.0,False
8a41a548e6b7fff,10,0,0.0,0.0,False
8a41a548ea87fff,10,0,0.0,0.0,False
8a41a548ea8ffff,10,0,0.0,0.0,False
8a41a548ea97fff,10,0,0.0,0.0,False
8a41a548ea9ffff,10,0,0.0,0.0,False
8a41a548eaa7fff,10,0,0.0,0.0,False
8a41a548eaaffff,10,0,0.0,0.0,False
8a41a548eab7fff,10,1,0.0,0.0,False
8a41a548eb47fff,10,1,0.0,0.0,False
8a41a548eb4ffff,10,0,0.0,0.0,False
8a41a548eb57fff,10,1,0.0,0.0,False
8a41a548eb5ffff,10,1,0.0,0.0,False
8a41a548eb67fff,10,0,0.0,0.0,False
8a41a548eb6ffff,10,0,0.0,0.0,False
8a41a548eb77fff,10,0,0.0,0.0,False
8a41a54a8447fff,10,0,0.0,0.0,False
8a41a54a844ffff,10,0,0.0,0.0,False
8a41a54a8457fff,10,1,0.0,0.0,False
8a41a54a845ffff,10,1,0.0,0.0,False
8a41a54a8467fff,10,0,0.0,0.0,False
8a41a54a846ffff,10,0,0.0,0.0,False
8a41a54a8477fff,10,0,0.0,0.0,False
8a41a54a8787fff,10,0,0.0,0.0,False
8a41a54a878ffff,10,0,0.0,0.0,False
8a41a54a8797fff,10,0,0.0,0.0,False
8a41a54a879ffff,10,0,0.0,0.0,False
8a41a54a87a7fff,10,2,0.0,0.0,False
8a41a54a87affff,10,0,0.0,0.0,False
8a41a54a87b7fff,10,0,0.0,0.0,False
8a41a54a9007fff,10,1,0.0,0.0,False
8a41a54a900ffff,10,0,0.0,0.0,False
8a41a54a9017fff,10,0,0.0,0.0,False
8a41a54a901ffff,10,2,0.0,0.0,False
8a41a54a9027fff,10,0,0.0,0.0,False
8a41a54a902ffff,10,0,0.0,0.0,False
8a41a54a9037fff,10,0,0.0,0.0,False
8a41a54a9507fff,10,0,0.0,0.0,False
8a41a54a950ffff,10,0,0.0,0.0,False
8a41a54a9517fff,10,0,0.0,0.0,False
8a41a54a951ffff,10,0,0.0,0.0,False
8a41a54a9527fff,10,0,0.0,0.0,False
8a41a54a952ffff,10,0,0.0,0.0,False
8a41a54a9537fff,10,0,0.0,0.0,False
8a41a54ab387fff,10,0,0.0,0.0,False
8a41a54ab38ffff,10,0,0.0,0.0,False
8a41a54ab397fff,10,2,0.0,0.0,False
8a41a54ab39ffff,10,0,0.0,0.0,False
8a41a54ab3a7fff,10,0,0.0,0.0,False
8a41a54ab3affff,10,0,0.0,0.0,False
8a41a54ab3b7fff,10,0,0.0,0.0,False
8a41a54ab547fff,10,0,0.0,0.0,False
8a41a54ab54ffff,10,0,0.0,0.0,False
8a41a54ab557fff,10,3,0.0,0.0,False
8a41a54ab55ffff,10,4,0.0,0.0,False
8a41a54ab567fff,10,0,0.0,0.0,False
8a41a54ab56ffff,10,0,0.0,0.0,False
8a41a54ab577fff,10,0,0.0,0.0,False
8a41a54ab707fff,10,1,0.0,0.0,False
8a41a54ab70ffff,10,0,0.0,0.0,False
8a41a54ab717fff,10,0,0.0,0.0,False
8a41a54ab71ffff,10,0,0.0,0.0,False
8a41a54ab727fff,10,0,0.0,0.0,False
8a41a54ab72ffff,10,0,0.0,0.0,False
8a41a54ab737fff,10,0,0.0,0.0,False
8a41a54ab987fff,10,0,0.0,0.0,False
8a41a54ab98ffff,10,0,0.0,0.0,False
8a41a54ab997fff,10,0,0.0,0.0,False
8a41a54ab99ffff,10,2,0.0,0.0,False
8a41a54ab9a7fff,10,0,0.0,0.0,False
8a41a54ab9affff,10,0,0.0,0.0,False
8a41a54ab9b7fff,10,0,0.0,0.0,False
8a41a54abcc7fff,10,0,0.0,0.0,False
8a41a54abccffff,10,0,0.0,0.0,False
8a41a54abcd7fff,10,0,0.0,0.0,False
8a41a54abcdffff,10,0,0.0,0.0,False
8a41a54abce7fff,10,0,0.0,0.0,False
8a41a54abceffff,10,0,0.0,0.0,False
8a41a54abcf7fff,10,2,0.0,0.0,False
8a41a54ad707fff,10,0,0.0,0.0,False
8a41a54ad70ffff,10,0,0.0,0.0,False
8a41a54ad717fff,10,0,0.0,0.0,False
8a41a54ad71ffff,10,0,0.0,0.0,False
8a41a54ad727fff,10,0,0.0,0.0,False
8a41a54ad72ffff,10,0,0.0,0.0,False
8a41a54ad737fff,10,3,0.0,0.0,False
8a41a54c0287fff,10,0,0.0,0.0,False
8a41a54c028ffff,10,0,0.0,0.0,False
8a41a54c0297fff,10,0,0.0,0.0,False
8a41a54c029ffff,10,0,0.0,0.0,False
8a41a54c02a7fff,10,0,0.0,0.0,False
8a41a54c02affff,10,0,0.0,0.0,False
8a41a54c02b7fff,10,8,0.0,0.0,False
8a41a54c0747fff,10,0,0.0,0.0,False
8a41a54c074ffff,10,3,0.0,0.0,False
8a41a54c0757fff,10,0,0.0,0.0,False
8a41a54c075ffff,10,0,0.0,0.0,False
8a41a54c0767fff,10,0,0.0,0.0,False
8a41a54c076ffff,10,0,0.0,0.0,False
8a41a54c0777fff,10,0,0.0,0.0,False
8a41a54c1007fff,10,1,0.0,0.0,False
8a41a54c100ffff,10,0,0.0,0.0,False
8a41a54c1017fff,10,0,0.0,0.0,False
8a41a54c101ffff,10,0,0.0,0.0,False
8a41a54c1027fff,10,5,0.0,0.0,False
8a41a54c102ffff,10,0,0.0,0.0,False
8a41a54c1037fff,10,1,0.0,0.0,False
8a41a54c1507fff,10,0,0.0,0.0,False
8a41a54c150ffff,10,0,0.0,0.0,False
8a41a54c1517fff,10,29,0.0,0.0,False
8a41a54c151ffff,10,7,0.0,0.0,False
8a41a54c1527fff,10,0,0.0,0.0,False
8a41a54c152ffff,10,0,0.0,0.0,False
8a41a54c1537fff,10,0,0.0,0.0,False
8a41a54c1587fff,10,0,0.0,0.0,False
8a41a54c158ffff,10,0,0.0,0.0,False
8a41a54c1597fff,10,0,0.0,0.0,False
8a41a54c159ffff,10,0,0.0,0.0,False
8a41a54c15a7fff,10,9,0.0,0.0,False
8a41a54c15affff,10,23,0.0,0.0,False
8a41a54c15b7fff,10,0,0.0,0.0,False
8a41a54c1747fff,10,0,0.0,0.0,False
8a41a54c174ffff,10,0,0.0,0.0,False
8a41a54c1757fff,10,0,0.0,0.0,False
8a41a54c175ffff,10,0,0.0,0.0,False
8a41a54c1767fff,10,0,0.0,0.0,False
8a41a54c176ffff,10,0,0.0,0.0,False
8a41a54c1777fff,10,3,0.0,0.0,False
8a41a54c1a87fff,10,8,0.0,0.0,False
8a41a54c1a8ffff,10,2,0.0,0.0,False
8a41a54c1a97fff,10,0,0.0,0.0,False
8a41a54c1a9ffff,10,0,0.0,0.0,False
8a41a54c1aa7fff,10,5,0.0,0.0,False
8a41a54c1aaffff,10,1,0.0,0.0,False
8a41a54c1ab7fff,10,0,0.0,0.0,False
8a41a54c2047fff,10,0,0.0,0.0,False
8a41a54c204ffff,10,1,0.0,0.0,False
8a41a54c2057fff,10,0,0.0,0.0,False
8a41a54c205ffff,10,0,0.0,0.0,False
8a41a54c2067fff,10,0,0.0,0.0,False
8a41a54c206ffff,10,0,0.0,0.0,False
8a41a54c2077fff,10,0,0.0,0.0,False
8a41a54c2107fff,10,0,0.0,0.0,False
8a41a54c210ffff,10,0,0.0,0.0,False
8a41a54c2117fff,10,1,0.0,0.0,False
8a41a54c211ffff,10,0,0.0,0.0,False
8a41a54c2127fff,10,9,0.0,0.0,False
8a41a54c212ffff,10,2,0.0,0.0,False
8a41a54c2137fff,10,0,0.0,0.0,False
8a41a54c2247fff,10,0,0.0,0.0,False
8a41a54c224ffff,10,0,0.0,0.0,False
8a41a54c2257fff,10,0,0.0,0.0,False
8a41a54c225ffff,10,0,0.0,0.0,False
8a41a54c2267fff,10,0,0.0,0.0,False
8a41a54c226ffff,10,0,0.0,0.0,False
8a41a54c2277fff,10,3,0.0,0.0,False
8a41a54c2447fff,10,0,0.0,0.0,False
8a41a54c244ffff,10,1,0.0,0.0,False
8a41a54c2457fff,10,0,0.0,0.0,False
8a41a54c245ffff,10,0,0.0,0.0,False
8a41a54c2467fff,10,1,0.0,0.0,False
8a41a54c246ffff,10,1,0.0,0.0,False
8a41a54c2477fff,10,0,0.0,0.0,False
8a41a54c2b07fff,10,0,0.0,0.0,False
8a41a54c2b0ffff,10,2,0.0,0.0,False
8a41a54c2b17fff,10,0,0.0,0.0,False
8a41a54c2b1ffff,10,0,0.0,0.0,False
8a41a54c2b27fff,10,0,0.0,0.0,False
8a41a54c2b2ffff,10,0,0.0,0.0,False
8a41a54c2b37fff,10,0,0.0,0.0,False
8a41a54c2b47fff,10,0,0.0,0.0,False
8a41a54c2b4ffff,10,0,0.0,0.0,False
8a41a54c2b57fff,10,2,0.0,0.0,False
8a41a54c2b5ffff,10,0,0.0,0.0,False
8a41a54c2b67fff,10,0,0.0,0.0,False
8a41a54c2b6ffff,10,0,0.0,0.0,False
8a41a54c2b77fff,10,0,0.0,0.0,False
8a41a54c3147fff,10,0,0.0,0.0,False
8a41a54c314ffff,10,0,0.0,0.0,False
8a41a54c3157fff,10,0,0.0,0.0,False
8a41a54c315ffff,10,0,0.0,0.0,False
8a41a54c3167fff,10,2,0.0,0.0,False
8a41a54c316ffff,10,0,0.0,0.0,False
8a41a54c3177fff,10,0,0.0,0.0,False
8a41a54c3287fff,10,0,0.0,0.0,False
8a41a54c328ffff,10,0,0.0,0.0,False
8a41a54c3297fff,10,0,0.0,0.0,False
8a41a54c329ffff,10,0,0.0,0.0,False
8a41a54c32a7fff,10,0,0.0,0.0,False
8a41a54c32affff,10,0,0.0,0.0,False
8a41a54c32b7fff,10,2,0.0,0.0,False
8a41a54c3347fff,10,3,0.0,0.0,False
8a41a54c334ffff,10,0,0.0,0.0,False
8a41a54c3357fff,10,2,0.0,0.0,False
8a41a54c335ffff,10,0,0.0,0.0,False
8a41a54c3367fff,10,0,0.0,0.0,False
8a41a54c336ffff,10,0,0.0,0.0,False
8a41a54c3377fff,10,0,0.0,0.0,False
8a41a54c38c7fff,10,0,0.0,0.0,False
8a41a54c38cffff,10,1,0.0,0.0,False
8a41a54c38d7fff,10,1,0.0,0.0,False
8a41a54c38dffff,10,0,0.0,0.0,False
8a41a54c38e7fff,10,0,0.0,0.0,False
8a41a54c38effff,10,0,0.0,0.0,False
8a41a54c38f7fff,10,0,0.0,0.0,False
8a41a54c4147fff,10,0,0.0,0.0,False
8a41a54c414ffff,10,0,0.0,0.0,False
8a41a54c4157fff,10,0,0.0,0.0,False
8a41a54c415ffff,10,0,0.0,0.0,False
8a41a54c4167fff,10,2,0.0,0.0,False
8a41a54c416ffff,10,0,0.0,0.0,False
8a41a54c4177fff,10,0,0.0,0.0,False
8a41a54c4307fff,10,1,0.0,0.0,False
8a41a54c430ffff,10,0,0.0,0.0,False
8a41a54c4317fff,10,0,0.0,0.0,False
8a41a54c431ffff,10,0,0.0,0.0,False
8a41a54c4327fff,10,0,0.0,0.0,False
8a41a54c432ffff,10,0,0.0,0.0,False
8a41a54c4337fff,10,0,0.0,0.0,False
8a41a54c4387fff,10,0,0.0,0.0,False
8a41a54c438ffff,10,1,0.0,0.0,False
8a41a54c4397fff,10,0,0.0,0.0,False
8a41a54c439ffff,10,0,0.0,0.0,False
8a41a54c43a7fff,10,0,0.0,0.0,False
8a41a54c43affff,10,0,0.0,0.0,False
8a41a54c43b7fff,10,0,0.0,0.0,False
8a41a54c4707fff,10,0,0.0,0.0,False
8a41a54c470ffff,10,3,0.0,0.0,False
8a41a54c4717fff,10,0,0.0,0.0,False
8a41a54c471ffff,10,2,0.0,0.0,False
8a41a54c4727fff,10,0,0.0,0.0,False
8a41a54c472ffff,10,0,0.0,0.0,False
8a41a54c4737fff,10,0,0.0,0.0,False
8a41a54c4b87fff,10,0,0.0,0.0,False
8a41a54c4b8ffff,10,0,0.0,0.0,False
8a41a54c4b97fff,10,0,0.0,0.0,False
8a41a54c4b9ffff,10,0,0.0,0.0,False
8a41a54c4ba7fff,10,1,0.0,0.0,False
8a41a54c4baffff,10,0,0.0,0.0,False
8a41a54c4bb7fff,10,0,0.0,0.0,False
8a41a54c5c07fff,10,0,0.0,0.0,False
8a41a54c5c0ffff,10,0,0.0,0.0,False
8a41a54c5c17fff,10,2,0.0,0.0,False
8a41a54c5c1ffff,10,0,0.0,0.0,False
8a41a54c5c27fff,10,0,0.0,0.0,False
8a41a54c5c2ffff,10,0,0.0,0.0,False
8a41a54c5c37fff,10,0,0.0,0.0,False
8a41a54cc047fff,10,0,0.0,0.0,False
8a41a54cc04ffff,10,0,0.0,0.0,False
8a41a54cc057fff,10,3,0.0,0.0,False
8a41a54cc05ffff,10,0,0.0,0.0,False
8a41a54cc067fff,10,0,0.0,0.0,False
8a41a54cc06ffff,10,0,0.0,0.0,False
8a41a54cc077fff,10,0,0.0,0.0,False
8a41a54cc107fff,10,0,0.0,0.0,False
8a41a54cc10ffff,10,1,0.0,0.0,False
8a41a54cc117fff,10,0,0.0,0.0,False
8a41a54cc11ffff,10,0,0.0,0.0,False
8a41a54cc127fff,10,0,0.0,0.0,False
8a41a54cc12ffff,10,0,0.0,0.0,False
8a41a54cc137fff,10,0,0.0,0.0,False
8a41a54cc607fff,10,2,0.0,0.0,False
8a41a54cc60ffff,10,0,0.0,0.0,False
8a41a54cc617fff,10,0,0.0,0.0,False
8a41a54cc61ffff,10,0,0.0,0.0,False
8a41a54cc627fff,10,0,0.0,0.0,False
8a41a54cc62ffff,10,0,0.0,0.0,False
8a41a54cc637fff,10,0,0.0,0.0,False
8a41a54ce487fff,10,0,0.0,0.0,False
8a41a54ce48ffff,10,0,0.0,0.0,False
8a41a54ce497fff,10,0,0.0,0.0,False
8a41a54ce49ffff,10,0,0.0,0.0,False
8a41a54ce4a7fff,10,0,0.0,0.0,False
8a41a54ce4affff,10,1,0.0,0.0,False
8a41a54ce4b7fff,10,0,0.0,0.0,False
8a41a54ce707fff,10,2,0.0,0.0,False
8a41a54ce70ffff,10,0,0.0,0.0,False
8a41a54ce717fff,10,0,0.0,0.0,False
8a41a54ce71ffff,10,0,0.0,0.0,False
8a41a54ce727fff,10,0,0.0,0.0,False
8a41a54ce72ffff,10,0,0.0,0.0,False
8a41a54ce737fff,10,0,0.0,0.0,False
8a41a54cec47fff,10,0,0.0,0.0,False
8a41a54cec4ffff,10,0,0.0,0.0,False
8a41a54cec57fff,10,1,0.0,0.0,False
8a41a54cec5ffff,10,0,0.0,0.0,False
8a41a54cec67fff,10,1,0.0,0.0,False
8a41a54cec6ffff,10,0,0.0,0.0,False
8a41a54cec77fff,10,0,0.0,0.0,False
8a41a54cec87fff,10,0,0.0,0.0,False
8a41a54cec8ffff,10,0,0.0,0.0,False
8a41a54cec97fff,10,0,0.0,0.0,False
8a41a54cec9ffff,10,0,0.0,0.0,False
8a41a54ceca7fff,10,2,0.0,0.0,False
8a41a54cecaffff,10,0,0.0,0.0,False
8a41a54cecb7fff,10,0,0.0,0.0,False
8a41a54cecc7fff,10,0,0.0,0.0,False
8a41a54ceccffff,10,0,0.0,0.0,False
8a41a54cecd7fff,10,1,0.0,0.0,False
8a41a54cecdffff,10,1,0.0,0.0,False
8a41a54cece7fff,10,0,0.0,0.0,False
8a41a54ceceffff,10,1,0.0,0.0,False
8a41a54cecf7fff,10,0,0.0,0.0,False
8a41a54d0a87fff,10,0,0.0,0.0,False
8a41a54d0a8ffff,10,0,0.0,0.0,False
8a41a54d0a97fff,10,0,0.0,0.0,False
8a41a54d0a9ffff,10,0,0.0,0.0,False
8a41a54d0aa7fff,10,0,0.0,0.0,False
8a41a54d0aaffff,10,0,0.0,0.0,False
8a41a54d0ab7fff,10,0,0.0,0.0,False
8a41a54d1707fff,10,0,0.0,0.0,False
8a41a54d170ffff,10,0,0.0,0.0,False
8a41a54d1717fff,10,0,0.0,0.0,False
8a41a54d171ffff,10,0,0.0,0.0,False
8a41a54d1727fff,10,0,0.0,0.0,False
8a41a54d172ffff,10,0,0.0,0.0,False
8a41a54d1737fff,10,1,0.0,0.0,False
8a41a54d1cc7fff,10,0,0.0,0.0,False
8a41a54d1ccffff,10,0,0.0,0.0,False
8a41a54d1cd7fff,10,0,0.0,0.0,False
8a41a54d1cdffff,10,0,0.0,0.0,False
8a41a54d1ce7fff,10,0,0.0,0.0,False
8a41a54d1ceffff,10,1,0.0,0.0,False
8a41a54d1cf7fff,10,2,0.0,0.0,False
8a41a54dc547fff,10,0,0.0,0.0,False
8a41a54dc54ffff,10,0,0.0,0.0,False
8a41a54dc557fff,10,0,0.0,0.0,False
8a41a54dc55ffff,10,0,0.0,0.0,False
8a41a54dc567fff,10,2,0.0,0.0,False
8a41a54dc56ffff,10,0,0.0,0.0,False
8a41a54dc577fff,10,0,0.0,0.0,False
8a41a54dccc7fff,10,0,0.0,0.0,False
8a41a54dcccffff,10,0,0.0,0.0,False
8a41a54dccd7fff,10,0,0.0,0.0,False
8a41a54dccdffff,10,0,0.0,0.0,False
8a41a54dcce7fff,10,0,0.0,0.0,False
8a41a54dcceffff,10,0,0.0,0.0,False
8a41a54dccf7fff,10,2,0.0,0.0,False
8a41a54dd387fff,10,0,0.0,0.0,False
8a41a54dd38ffff,10,0,0.0,0.0,False
8a41a54dd397fff,10,0,0.0,0.0,False
8a41a54dd39ffff,10,0,0.0,0.0,False
8a41a54dd3a7fff,10,0,0.0,0.0,False
8a41a54dd3affff,10,2,0.0,0.0,False
8a41a54dd3b7fff,10,0,0.0,0.0,False
8a41a54e0047fff,10,0,0.0,0.0,False
8a41a54e004ffff,10,2,0.0,0.0,False
8a41a54e0057fff,10,1,0.0,0.0,False
8a41a54e005ffff,10,0,0.0,0.0,False
8a41a54e0067fff,10,0,0.0,0.0,False
8a41a54e006ffff,10,1,0.0,0.0,False
8a41a54e0077fff,10,0,0.0,0.0,False
8a41a54e0307fff,10,0,0.0,0.0,False
8a41a54e030ffff,10,0,0.0,0.0,False
8a41a54e0317fff,10,5,0.0,0.0,False
8a41a54e031ffff,10,0,0.0,0.0,False
8a41a54e0327fff,10,0,0.0,0.0,False
8a41a54e032ffff,10,0,0.0,0.0,False
8a41a54e0337fff,10,1,0.0,0.0,False
8a41a54e0347fff,10,0,0.0,0.0,False
8a41a54e034ffff,10,0,0.0,0.0,False
8a41a54e0357fff,10,1,0.0,0.0,False
8a41a54e035ffff,10,0,0.0,0.0,False
8a41a54e0367fff,10,0,0.0,0.0,False
8a41a54e036ffff,10,0,0.0,0.0,False
8a41a54e0377fff,10,1,0.0,0.0,False
8a41a54e0387fff,10,0,0.0,0.0,False
8a41a54e038ffff,10,0,0.0,0.0,False
8a41a54e0397fff,10,2,0.0,0.0,False
8a41a54e039ffff,10,0,0.0,0.0,False
8a41a54e03a7fff,10,0,0.0,0.0,False
8a41a54e03affff,10,0,0.0,0.0,False
8a41a54e03b7fff,10,0,0.0,0.0,False
8a41a54e0687fff,10,4,0.0,0.0,False
8a41a54e068ffff,10,0,0.0,0.0,False
8a41a54e0697fff,10,0,0.0,0.0,False
8a41a54e069ffff,10,0,0.0,0.0,False
8a41a54e06a7fff,10,0,0.0,0.0,False
8a41a54e06affff,10,0,0.0,0.0,False
8a41a54e06b7fff,10,0,0.0,0.0,False
8a41a54e0847fff,10,0,0.0,0.0,False
8a41a54e084ffff,10,0,0.0,0.0,False
8a41a54e0857fff,10,0,0.0,0.0,False
8a41a54e085ffff,10,0,0.0,0.0,False
8a41a54e0867fff,10,0,0.0,0.0,False
8a41a54e086ffff,10,1,0.0,0.0,False
8a41a54e0877fff,10,0,0.0,0.0,False
8a41a54e0a07fff,10,0,0.0,0.0,False
8a41a54e0a0ffff,10,0,0.0,0.0,False
8a41a54e0a17fff,10,0,0.0,0.0,False
8a41a54e0a1ffff,10,1,0.0,0.0,False
8a41a54e0a27fff,10,0,0.0,0.0,False
8a41a54e0a2ffff,10,0,0.0,0.0,False
8a41a54e0a37fff,10,1,0.0,0.0,False
8a41a54e0a87fff,10,0,0.0,0.0,False
8a41a54e0a8ffff,10,2,0.0,0.0,False
8a41a54e0a97fff,10,0,0.0,0.0,False
8a41a54e0a9ffff,10,6,0.0,0.0,False
8a41a54e0aa7fff,10,2,0.0,0.0,False
8a41a54e0aaffff,10,2,0.0,0.0,False
8a41a54e0ab7fff,10,2,0.0,0.0,False
8a41a54e0b87fff,10,1,0.0,0.0,False
8a41a54e0b8ffff,10,1,0.0,0.0,False
8a41a54e0b97fff,10,0,0.0,0.0,False
8a41a54e0b9ffff,10,2,0.0,0.0,False
8a41a54e0ba7fff,10,0,0.0,0.0,False
8a41a54e0baffff,10,1,0.0,0.0,False
8a41a54e0bb7fff,10,0,0.0,0.0,False
8a41a54e1007fff,10,1,0.0,0.0,False
8a41a54e100ffff,10,0,0.0,0.0,False
8a41a54e1017fff,10,2,0.0,0.0,False
8a41a54e101ffff,10,0,0.0,0.0,False
8a41a54e1027fff,10,0,0.0,0.0,False
8a41a54e102ffff,10,0,0.0,0.0,False
8a41a54e1037fff,10,1,0.0,0.0,False
8a41a54e1187fff,10,0,0.0,0.0,False
8a41a54e118ffff,10,1,0.0,0.0,False
8a41a54e1197fff,10,0,0.0,0.0,False
8a41a54e119ffff,10,1,0.0,0.0,False
8a41a54e11a7fff,10,0,0.0,0.0,False
8a41a54e11affff,10,0,0.0,0.0,False
8a41a54e11b7fff,10,0,0.0,0.0,False
8a41a54e1407fff,10,0,0.0,0.0,False
8a41a54e140ffff,10,0,0.0,0.0,False
8a41a54e1417fff,10,2,0.0,0.0,False
8a41a54e141ffff,10,2,0.0,0.0,False
8a41a54e1427fff,10,0,0.0,0.0,False
8a41a54e142ffff,10,0,0.0,0.0,False
8a41a54e1437fff,10,0,0.0,0.0,False
8a41a54e1cc7fff,10,0,0.0,0.0,False
8a41a54e1ccffff,10,3,0.0,0.0,False
8a41a54e1cd7fff,10,0,0.0,0.0,False
8a41a54e1cdffff,10,0,0.0,0.0,False
8a41a54e1ce7fff,10,0,0.0,0.0,False
8a41a54e1ceffff,10,3,0.0,0.0,False
8a41a54e1cf7fff,10,0,0.0,0.0,False
8a41a54e1d07fff,10,0,0.0,0.0,False
8a41a54e1d0ffff,10,1,0.0,0.0,False
8a41a54e1d17fff,10,0,0.0,0.0,False
8a41a54e1d1ffff,10,0,0.0,0.0,False
8a41a54e1d27fff,10,0,0.0,0.0,False
8a41a54e1d2ffff,10,0,0.0,0.0,False
8a41a54e1d37fff,10,0,0.0,0.0,False
8a41a54e2407fff,10,0,0.0,0.0,False
8a41a54e240ffff,10,0,0.0,0.0,False
8a41a54e2417fff,10,0,0.0,0.0,False
8a41a54e241ffff,10,0,0.0,0.0,False
8a41a54e2427fff,10,0,0.0,0.0,False
8a41a54e242ffff,10,1,0.0,0.0,False
8a41a54e2437fff,10,0,0.0,0.0,False
8a41a54e2447fff,10,1,0.0,0.0,False
8a41a54e244ffff,10,0,0.0,0.0,False
8a41a54e2457fff,10,1,0.0,0.0,False
8a41a54e245ffff,10,0,0.0,0.0,False
8a41a54e2467fff,10,0,0.0,0.0,False
8a41a54e246ffff,10,0,0.0,0.0,False
8a41a54e2477fff,10,0,0.0,0.0,False
8a41a54e2687fff,10,0,0.0,0.0,False
8a41a54e268ffff,10,0,0.0,0.0,False
8a41a54e2697fff,10,2,0.0,0.0,False
8a41a54e269ffff,10,0,0.0,0.0,False
8a41a54e26a7fff,10,0,0.0,0.0,False
8a41a54e26affff,10,0,0.0,0.0,False
8a41a54e26b7fff,10,0,0.0,0.0,False
8a41a54e3007fff,10,1,0.0,0.0,False
8a41a54e300ffff,10,0,0.0,0.0,False
8a41a54e3017fff,10,1,0.0,0.0,False
8a41a54e301ffff,10,0,0.0,0.0,False
8a41a54e3027fff,10,0,0.0,0.0,False
8a41a54e302ffff,10,0,0.0,0.0,False
8a41a54e3037fff,10,0,0.0,0.0,False
8a41a54e3287fff,10,1,0.0,0.0,False
8a41a54e328ffff,10,0,0.0,0.0,False
8a41a54e3297fff,10,0,0.0,0.0,False
8a41a54e329ffff,10,0,0.0,0.0,False
8a41a54e32a7fff,10,0,0.0,0.0,False
8a41a54e32affff,10,0,0.0,0.0,False
8a41a54e32b7fff,10,0,0.0,0.0,False
8a41a54e3887fff,10,0,0.0,0.0,False
8a41a54e388ffff,10,1,0.0,0.0,False
8a41a54e3897fff,10,0,0.0,0.0,False
8a41a54e389ffff,10,0,0.0,0.0,False
8a41a54e38a7fff,10,0,0.0,0.0,False
8a41a54e38affff,10,0,0.0,0.0,False
8a41a54e38b7fff,10,0,0.0,0.0,False
8a41a54e3947fff,10,1,0.0,0.0,False
8a41a54e394ffff,10,0,0.0,0.0,False
8a41a54e3957fff,10,0,0.0,0.0,False
8a41a54e395ffff,10,1,0.0,0.0,False
8a41a54e3967fff,10,0,0.0,0.0,False
8a41a54e396ffff,10,0,0.0,0.0,False
8a41a54e3977fff,10,0,0.0,0.0,False
8a41a54e3a47fff,10,0,0.0,0.0,False
8a41a54e3a4ffff,10,6,0.0,0.0,False
8a41a54e3a57fff,10,0,0.0,0.0,False
8a41a54e3a5ffff,10,0,0.0,0.0,False
8a41a54e3a67fff,10,0,0.0,0.0,False
8a41a54e3a6ffff,10,0,0.0,0.0,False
8a41a54e3a77fff,10,0,0.0,0.0,False
8a41a54e3b07fff,10,0,0.0,0.0,False
8a41a54e3b0ffff,10,0,0.0,0.0,False
8a41a54e3b17fff,10,0,0.0,0.0,False
8a41a54e3b1ffff,10,0,0.0,0.0,False
8a41a54e3b27fff,10,1,0.0,0.0,False
8a41a54e3b2ffff,10,0,0.0,0.0,False
8a41a54e3b37fff,10,1,0.0,0.0,False
8a41a54e4047fff,10,1,0.0,0.0,False
8a41a54e404ffff,10,0,0.0,0.0,False
8a41a54e4057fff,10,1,0.0,0.0,False
8a41a54e405ffff,10,0,0.0,0.0,False
8a41a54e4067fff,10,0,0.0,0.0,False
8a41a54e406ffff,10,0,0.0,0.0,False
8a41a54e4077fff,10,0,0.0,0.0,False
8a41a54e5007fff,10,0,0.0,0.0,False
8a41a54e500ffff,10,0,0.0,0.0,False
8a41a54e5017fff,10,0,0.0,0.0,False
8a41a54e501ffff,10,0,0.0,0.0,False
8a41a54e5027fff,10,0,0.0,0.0,False
8a41a54e502ffff,10,2,0.0,0.0,False
8a41a54e5037fff,10,4,0.0,0.0,False
8a41a54e5307fff,10,0,0.0,0.0,False
8a41a54e530ffff,10,0,0.0,0.0,False
8a41a54e5317fff,10,0,0.0,0.0,False
8a41a54e531ffff,10,0,0.0,0.0,False
8a41a54e5327fff,10,1,0.0,0.0,False
8a41a54e532ffff,10,0,0.0,0.0,False
8a41a54e5337fff,10,1,0.0,0.0,False
8a41a54e5407fff,10,0,0.0,0.0,False
8a41a54e540ffff,10,3,0.0,0.0,False
8a41a54e5417fff,10,0,0.0,0.0,False
8a41a54e541ffff,10,0,0.0,0.0,False
8a41a54e5427fff,10,0,0.0,0.0,False
8a41a54e542ffff,10,0,0.0,0.0,False
8a41a54e5437fff,10,0,0.0,0.0,False
8a41a54e5447fff,10,0,0.0,0.0,False
8a41a54e544ffff,10,0,0.0,0.0,False
8a41a54e5457fff,10,0,0.0,0.0,False
8a41a54e545ffff,10,0,0.0,0.0,False
8a41a54e5467fff,10,6,0.0,0.0,False
8a41a54e546ffff,10,1,0.0,0.0,False
8a41a54e5477fff,10,2,0.0,0.0,False
8a41a54e5487fff,10,0,0.0,0.0,False
8a41a54e548ffff,10,0,0.0,0.0,False
8a41a54e5497fff,10,0,0.0,0.0,False
8a41a54e549ffff,10,0,0.0,0.0,False
8a41a54e54a7fff,10,0,0.0,0.0,False
8a41a54e54affff,10,1,0.0,0.0,False
8a41a54e54b7fff,10,1,0.0,0.0,False
8a41a54e5547fff,10,0,0.0,0.0,False
8a41a54e554ffff,10,2,0.0,0.0,False
8a41a54e5557fff,10,0,0.0,0.0,False
8a41a54e555ffff,10,1,0.0,0.0,False
8a41a54e5567fff,10,0,0.0,0.0,False
8a41a54e556ffff,10,0,0.0,0.0,False
8a41a54e5577fff,10,2,0.0,0.0,False
8a41a54e5587fff,10,0,0.0,0.0,False
8a41a54e558ffff,10,1,0.0,0.0,False
8a41a54e5597fff,10,0,0.0,0.0,False
8a41a54e559ffff,10,0,0.0,0.0,False
8a41a54e55a7fff,10,0,0.0,0.0,False
8a41a54e55affff,10,0,0.0,0.0,False
8a41a54e55b7fff,10,1,0.0,0.0,False
8a41a54e56c7fff,10,0,0.0,0.0,False
8a41a54e56cffff,10,0,0.0,0.0,False
8a41a54e56d7fff,10,2,0.0,0.0,False
8a41a54e56dffff,10,0,0.0,0.0,False
8a41a54e56e7fff,10,0,0.0,0.0,False
8a41a54e56effff,10,0,0.0,0.0,False
8a41a54e56f7fff,10,2,0.0,0.0,False
8a41a54e5707fff,10,0,0.0,0.0,False
8a41a54e570ffff,10,0,0.0,0.0,False
8a41a54e5717fff,10,0,0.0,0.0,False
8a41a54e571ffff,10,0,0.0,0.0,False
8a41a54e5727fff,10,1,0.0,0.0,False
8a41a54e572ffff,10,0,0.0,0.0,False
8a41a54e5737fff,10,5,0.0,0.0,False
8a41a54e5cc7fff,10,2,0.0,0.0,False
8a41a54e5ccffff,10,0,0.0,0.0,False
8a41a54e5cd7fff,10,0,0.0,0.0,False
8a41a54e5cdffff,10,3,0.0,0.0,False
8a41a54e5ce7fff,10,4,0.0,0.0,False
8a41a54e5ceffff,10,0,0.0,0.0,False
8a41a54e5cf7fff,10,0,0.0,0.0,False
8a41a54e5d47fff,10,1,0.0,0.0,False
8a41a54e5d4ffff,10,1,0.0,0.0,False
8a41a54e5d57fff,10,0,0.0,0.0,False
8a41a54e5d5ffff,10,3,0.0,0.0,False
8a41a54e5d67fff,10,0,0.0,0.0,False
8a41a54e5d6ffff,10,0,0.0,0.0,False
8a41a54e5d77fff,10,0,0.0,0.0,False
8a41a54e6107fff,10,1,0.0,0.0,False
8a41a54e610ffff,10,0,0.0,0.0,False
8a41a54e6117fff,10,0,0.0,0.0,False
8a41a54e611ffff,10,1,0.0,0.0,False
8a41a54e6127fff,10,0,0.0,0.0,False
8a41a54e612ffff,10,0,0.0,0.0,False
8a41a54e6137fff,10,1,0.0,0.0,False
8a41a54e6187fff,10,0,0.0,0.0,False
8a41a54e618ffff,10,1,0.0,0.0,False
8a41a54e6197fff,10,2,0.0,0.0,False
8a41a54e619ffff,10,0,0.0,0.0,False
8a41a54e61a7fff,10,0,0.0,0.0,False
8a41a54e61affff,10,0,0.0,0.0,False
8a41a54e61b7fff,10,15,0.0,0.0,False
8a41a54e6547fff,10,0,0.0,0.0,False
8a41a54e654ffff,10,0,0.0,0.0,False
8a41a54e6557fff,10,6,0.0,0.0,False
8a41a54e655ffff,10,0,0.0,0.0,False
8a41a54e6567fff,10,0,0.0,0.0,False
8a41a54e656ffff,10,0,0.0,0.0,False
8a41a54e6577fff,10,0,0.0,0.0,False
8a41a54e6607fff,10,2,0.0,0.0,False
8a41a54e660ffff,10,0,0.0,0.0,False
8a41a54e6617fff,10,0,0.0,0.0,False
8a41a54e661ffff,10,0,0.0,0.0,False
8a41a54e6627fff,10,0,0.0,0.0,False
8a41a54e662ffff,10,0,0.0,0.0,False
8a41a54e6637fff,10,0,0.0,0.0,False
8a41a54e6807fff,10,0,0.0,0.0,False
8a41a54e680ffff,10,0,0.0,0.0,False
8a41a54e6817fff,10,0,0.0,0.0,False
8a41a54e681ffff,10,1,0.0,0.0,False
8a41a54e6827fff,10,1,0.0,0.0,False
8a41a54e682ffff,10,0,0.0,0.0,False
8a41a54e6837fff,10,0,0.0,0.0,False
8a41a54e6887fff,10,0,0.0,0.0,False
8a41a54e688ffff,10,1,0.0,0.0,False
8a41a54e6897fff,10,0,0.0,0.0,False
8a41a54e689ffff,10,0,0.0,0.0,False
8a41a54e68a7fff,10,1,0.0,0.0,False
8a41a54e68affff,10,0,0.0,0.0,False
8a41a54e68b7fff,10,0,0.0,0.0,False
8a41a54e68c7fff,10,0,0.0,0.0,False
8a41a54e68cffff,10,0,0.0,0.0,False
8a41a54e68d7fff,10,5,0.0,0.0,False
8a41a54e68dffff,10,0,0.0,0.0,False
8a41a54e68e7fff,10,0,0.0,0.0,False
8a41a54e68effff,10,0,0.0,0.0,False
8a41a54e68f7fff,10,1,0.0,0.0,False
8a41a54e6907fff,10,4,0.0,0.0,False
8a41a54e690ffff,10,0,0.0,0.0,False
8a41a54e6917fff,10,0,0.0,0.0,False
8a41a54e691ffff,10,0,0.0,0.0,False
8a41a54e6927fff,10,0,0.0,0.0,False
8a41a54e692ffff,10,1,0.0,0.0,False
8a41a54e6937fff,10,0,0.0,0.0,False
8a41a54e6947fff,10,1,0.0,0.0,False
8a41a54e694ffff,10,0,0.0,0.0,False
8a41a54e6957fff,10,0,0.0,0.0,False
8a41a54e695ffff,10,1,0.0,0.0,False
8a41a54e6967fff,10,0,0.0,0.0,False
8a41a54e696ffff,10,0,0.0,0.0,False
8a41a54e6977fff,10,0,0.0,0.0,False
8a41a54e6a47fff,10,0,0.0,0.0,False
8a41a54e6a4ffff,10,0,0.0,0.0,False
8a41a54e6a57fff,10,0,0.0,0.0,False
8a41a54e6a5ffff,10,0,0.0,0.0,False
8a41a54e6a67fff,10,0,0.0,0.0,False
8a41a54e6a6ffff,10,2,0.0,0.0,False
8a41a54e6a77fff,10,0,0.0,0.0,False
8a41a54e6b47fff,10,0,0.0,0.0,False
8a41a54e6b4ffff,10,1,0.0,0.0,False
8a41a54e6b57fff,10,0,0.0,0.0,False
8a41a54e6b5ffff,10,1,0.0,0.0,False
8a41a54e6b67fff,10,0,0.0,0.0,False
8a41a54e6b6ffff,10,0,0.0,0.0,False
8a41a54e6b77fff,10,0,0.0,0.0,False
8a41a54e6cc7fff,10,0,0.0,0.0,False
8a41a54e6ccffff,10,2,0.0,0.0,False
8a41a54e6cd7fff,10,0,0.0,0.0,False
8a41a54e6cdffff,10,0,0.0,0.0,False
8a41a54e6ce7fff,10,0,0.0,0.0,False
8a41a54e6ceffff,10,0,0.0,0.0,False
8a41a54e6cf7fff,10,0,0.0,0.0,False
8a41a54e6d47fff,10,0,0.0,0.0,False
8a41a54e6d4ffff,10,0,0.0,0.0,False
8a41a54e6d57fff,10,0,0.0,0.0,False
8a41a54e6d5ffff,10,0,0.0,0.0,False
8a41a54e6d67fff,10,0,0.0,0.0,False
8a41a54e6d6ffff,10,0,0.0,0.0,False
8a41a54e6d77fff,10,2,0.0,0.0,False
8a41a54e8087fff,10,0,0.0,0.0,False
8a41a54e808ffff,10,0,0.0,0.0,False
8a41a54e8097fff,10,0,0.0,0.0,False
8a41a54e809ffff,10,1,0.0,0.0,False
8a41a54e80a7fff,10,0,0.0,0.0,False
8a41a54e80affff,10,2,0.0,0.0,False
8a41a54e80b7fff,10,0,0.0,0.0,False
8a41a54e80c7fff,10,0,0.0,0.0,False
8a41a54e80cffff,10,1,0.0,0.0,False
8a41a54e80d7fff,10,0,0.0,0.0,False
8a41a54e80dffff,10,0,0.0,0.0,False
8a41a54e80e7fff,10,1,0.0,0.0,False
8a41a54e80effff,10,1,0.0,0.0,False
8a41a54e80f7fff,10,0,0.0,0.0,False
8a41a54e8207fff,10,0,0.0,0.0,False
8a41a54e820ffff,10,0,0.0,0.0,False
8a41a54e8217fff,10,0,0.0,0.0,False
8a41a54e821ffff,10,1,0.0,0.0,False
8a41a54e8227fff,10,0,0.0,0.0,False
8a41a54e822ffff,10,0,0.0,0.0,False
8a41a54e8237fff,10,0,0.0,0.0,False
8a41a54e8347fff,10,0,0.0,0.0,False
8a41a54e834ffff,10,0,0.0,0.0,False
8a41a54e8357fff,10,0,0.0,0.0,False
8a41a54e835ffff,10,0,0.0,0.0,False
8a41a54e8367fff,10,1,0.0,0.0,False
8a41a54e836ffff,10,5,0.0,0.0,False
8a41a54e8377fff,10,0,0.0,0.0,False
8a41a54e8447fff,10,1,0.0,0.0,False
8a41a54e844ffff,10,2,0.0,0.0,False
8a41a54e8457fff,10,0,0.0,0.0,False
8a41a54e845ffff,10,1,0.0,0.0,False
8a41a54e8467fff,10,0,0.0,0.0,False
8a41a54e846ffff,10,0,0.0,0.0,False
8a41a54e8477fff,10,0,0.0,0.0,False
8a41a54e8507fff,10,0,0.0,0.0,False
8a41a54e850ffff,10,0,0.0,0.0,False
8a41a54e8517fff,10,0,0.0,0.0,False
8a41a54e851ffff,10,1,0.0,0.0,False
8a41a54e8527fff,10,0,0.0,0.0,False
8a41a54e852ffff,10,0,0.0,0.0,False
8a41a54e8537fff,10,0,0.0,0.0,False
8a41a54e8547fff,10,0,0.0,0.0,False
8a41a54e854ffff,10,0,0.0,0.0,False
8a41a54e8557fff,10,0,0.0,0.0,False
8a41a54e855ffff,10,0,0.0,0.0,False
8a41a54e8567fff,10,0,0.0,0.0,False
8a41a54e856ffff,10,3,0.0,0.0,False
8a41a54e8577fff,10,0,0.0,0.0,False
8a41a54e8587fff,10,0,0.0,0.0,False
8a41a54e858ffff,10,1,0.0,0.0,False
8a41a54e8597fff,10,0,0.0,0.0,False
8a41a54e859ffff,10,0,0.0,0.0,False
8a41a54e85a7fff,10,0,0.0,0.0,False
8a41a54e85affff,10,0,0.0,0.0,False
8a41a54e85b7fff,10,0,0.0,0.0,False
8a41a54e8687fff,10,0,0.0,0.0,False
8a41a54e868ffff,10,0,0.0,0.0,False
8a41a54e8697fff,10,0,0.0,0.0,False
8a41a54e869ffff,10,0,0.0,0.0,False
8a41a54e86a7fff,10,0,0.0,0.0,False
8a41a54e86affff,10,2,0.0,0.0,False
8a41a54e86b7fff,10,0,0.0,0.0,False
8a41a54e8707fff,10,0,0.0,0.0,False
8a41a54e870ffff,10,0,0.0,0.0,False
8a41a54e8717fff,10,0,0.0,0.0,False
8a41a54e871ffff,10,0,0.0,0.0,False
8a41a54e8727fff,10,2,0.0,0.0,False
8a41a54e872ffff,10,0,0.0,0.0,False
8a41a54e8737fff,10,4,0.0,0.0,False
8a41a54e8747fff,10,0,0.0,0.0,False
8a41a54e874ffff,10,0,0.0,0.0,False
8a41a54e8757fff,10,0,0.0,0.0,False
8a41a54e875ffff,10,0,0.0,0.0,False
8a41a54e8767fff,10,0,0.0,0.0,False
8a41a54e876ffff,10,0,0.0,0.0,False
8a41a54e8777fff,10,0,0.0,0.0,False
8a41a54e9c07fff,10,2,0.0,0.0,False
8a41a54e9c0ffff,10,0,0.0,0.0,False
8a41a54e9c17fff,10,0,0.0,0.0,False
8a41a54e9c1ffff,10,2,0.0,0.0,False
8a41a54e9c27fff,10,0,0.0,0.0,False
8a41a54e9c2ffff,10,0,0.0,0.0,False
8a41a54e9c37fff,10,0,0.0,0.0,False
8a41a54ea987fff,10,0,0.0,0.0,False
8a41a54ea98ffff,10,1,0.0,0.0,False
8a41a54ea997fff,10,0,0.0,0.0,False
8a41a54ea99ffff,10,0,0.0,0.0,False
8a41a54ea9a7fff,10,0,0.0,0.0,False
8a41a54ea9affff,10,0,0.0,0.0,False
8a41a54ea9b7fff,10,0,0.0,0.0,False
8a41a54eb947fff,10,3,0.0,0.0,False
8a41a54eb94ffff,10,0,0.0,0.0,False
8a41a54eb957fff,10,0,0.0,0.0,False
8a41a54eb95ffff,10,0,0.0,0.0,False
8a41a54eb967fff,10,0,0.0,0.0,False
8a41a54eb96ffff,10,0,0.0,0.0,False
8a41a54eb977fff,10,1,0.0,0.0,False
8a41a54ec507fff,10,0,0.0,0.0,False
8a41a54ec50ffff,10,1,0.0,0.0,False
8a41a54ec517fff,10,0,0.0,0.0,False
8a41a54ec51ffff,10,0,0.0,0.0,False
8a41a54ec527fff,10,0,0.0,0.0,False
8a41a54ec52ffff,10,5,0.0,0.0,False
8a41a54ec537fff,10,0,0.0,0.0,False
8a41a54ec547fff,10,0,0.0,0.0,False
8a41a54ec54ffff,10,1,0.0,0.0,False
8a41a54ec557fff,10,0,0.0,0.0,False
8a41a54ec55ffff,10,0,0.0,0.0,False
8a41a54ec567fff,10,0,0.0,0.0,False
8a41a54ec56ffff,10,0,0.0,0.0,False
8a41a54ec577fff,10,1,0.0,0.0,False
8a41a54ec807fff,10,0,0.0,0.0,False
8a41a54ec80ffff,10,3,0.0,0.0,False
8a41a54ec817fff,10,1,0.0,0.0,False
8a41a54ec81ffff,10,0,0.0,0.0,False
8a41a54ec827fff,10,0,0.0,0.0,False
8a41a54ec82ffff,10,0,0.0,0.0,False
8a41a54ec837fff,10,4,0.0,0.0,False
8a41a54ec847fff,10,0,0.0,0.0,False
8a41a54ec84ffff,10,0,0.0,0.0,False
8a41a54ec857fff,10,7,0.0,0.0,False
8a41a54ec85ffff,10,7,0.0,0.0,False
8a41a54ec867fff,10,1,0.0,0.0,False
8a41a54ec86ffff,10,2,0.0,0.0,False
8a41a54ec877fff,10,0,0.0,0.0,False
8a41a54ec887fff,10,1,0.0,0.0,False
8a41a54ec88ffff,10,3,0.0,0.0,False
8a41a54ec897fff,10,0,0.0,0.0,False
8a41a54ec89ffff,10,2,0.0,0.0,False
8a41a54ec8a7fff,10,3,0.0,0.0,False
8a41a54ec8affff,10,2,0.0,0.0,False
8a41a54ec8b7fff,10,1,0.0,0.0,False
8a41a54ec987fff,10,1,0.0,0.0,False
8a41a54ec98ffff,10,3,0.0,0.0,False
8a41a54ec997fff,10,0,0.0,0.0,False
8a41a54ec99ffff,10,1,0.0,0.0,False
8a41a54ec9a7fff,10,0,0.0,0.0,False
8a41a54ec9affff,10,0,0.0,0.0,False
8a41a54ec9b7fff,10,0,0.0,0.0,False
8a41a54eca07fff,10,10,0.0,0.0,False
8a41a54eca0ffff,10,10,0.0,0.0,False
8a41a54eca17fff,10,1,0.0,0.0,False
8a41a54eca1ffff,10,3,0.0,0.0,False
8a41a54eca27fff,10,2,0.0,0.0,False
8a41a54eca2ffff,10,1,0.0,0.0,False
8a41a54eca37fff,10,7,0.0,0.0,False
8a41a54eca47fff,10,1,0.0,0.0,False
8a41a54eca4ffff,10,4,0.0,0.0,False
8a41a54eca57fff,10,8,0.0,0.0,False
8a41a54eca5ffff,10,7,0.0,0.0,False
8a41a54eca67fff,10,0,0.0,0.0,False
8a41a54eca6ffff,10,0,0.0,0.0,False
8a41a54eca77fff,10,1,0.0,0.0,False
8a41a54ecac7fff,10,0,0.0,0.0,False
8a41a54ecacffff,10,0,0.0,0.0,False
8a41a54ecad7fff,10,0,0.0,0.0,False
8a41a54ecadffff,10,0,0.0,0.0,False
8a41a54ecae7fff,10,0,0.0,0.0,False
8a41a54ecaeffff,10,3,0.0,0.0,False
8a41a54ecaf7fff,10,0,0.0,0.0,False
8a41a54ecb07fff,10,2,0.0,0.0,False
8a41a54ecb0ffff,10,0,0.0,0.0,False
8a41a54ecb17fff,10,6,0.0,0.0,False
8a41a54ecb1ffff,10,5,0.0,0.0,False
8a41a54ecb27fff,10,1,0.0,0.0,False
8a41a54ecb2ffff,10,0,0.0,0.0,False
8a41a54ecb37fff,10,1,0.0,0.0,False
8a41a54ecb47fff,10,2,0.0,0.0,False
8a41a54ecb4ffff,10,0,0.0,0.0,False
8a41a54ecb57fff,10,3,0.0,0.0,False
8a41a54ecb5ffff,10,5,0.0,0.0,False
8a41a54ecb67fff,10,0,0.0,0.0,False
8a41a54ecb6ffff,10,0,0.0,0.0,False
8a41a54ecb77fff,10,0,0.0,0.0,False
8a41a54ecb87fff,10,9,0.0,0.0,False
8a41a54ecb8ffff,10,3,0.0,0.0,False
8a41a54ecb97fff,10,0,0.0,0.0,False
8a41a54ecb9ffff,10,0,0.0,0.0,False
8a41a54ecba7fff,10,8,0.0,0.0,False
8a41a54ecbaffff,10,6,0.0,0.0,False
8a41a54ecbb7fff,10,3,0.0,0.0,False
8a41a54ecc87fff,10,1,0.0,0.0,False
8a41a54ecc8ffff,10,0,0.0,0.0,False
8a41a54ecc97fff,10,1,0.0,0.0,False
8a41a54ecc9ffff,10,0,0.0,0.0,False
8a41a54ecca7fff,10,0,0.0,0.0,False
8a41a54eccaffff,10,0,0.0,0.0,False
8a41a54eccb7fff,10,0,0.0,0.0,False
8a41a54eccc7fff,10,4,0.0,0.0,False
8a41a54ecccffff,10,0,0.0,0.0,False
8a41a54eccd7fff,10,0,0.0,0.0,False
8a41a54eccdffff,10,1,0.0,0.0,False
8a41a54ecce7fff,10,5,0.0,0.0,False
8a41a54ecceffff,10,1,0.0,0.0,False
8a41a54eccf7fff,10,4,0.0,0.0,False
8a41a54ed047fff,10,0,0.0,0.0,False
8a41a54ed04ffff,10,0,0.0,0.0,False
8a41a54ed057fff,10,2,0.0,0.0,False
8a41a54ed05ffff,10,0,0.0,0.0,False
8a41a54ed067fff,10,0,0.0,0.0,False
8a41a54ed06ffff,10,0,0.0,0.0,False
8a41a54ed077fff,10,3,0.0,0.0,False
8a41a54ed107fff,10,0,0.0,0.0,False
8a41a54ed10ffff,10,1,0.0,0.0,False
8a41a54ed117fff,10,3,0.0,0.0,False
8a41a54ed11ffff,10,0,0.0,0.0,False
8a41a54ed127fff,10,0,0.0,0.0,False
8a41a54ed12ffff,10,0,0.0,0.0,False
8a41a54ed137fff,10,0,0.0,0.0,False
8a41a54ed187fff,10,3,0.0,0.0,False
8a41a54ed18ffff,10,0,0.0,0.0,False
8a41a54ed197fff,10,0,0.0,0.0,False
8a41a54ed19ffff,10,0,0.0,0.0,False
8a41a54ed1a7fff,10,5,0.0,0.0,False
8a41a54ed1affff,10,0,0.0,0.0,False
8a41a54ed1b7fff,10,0,0.0,0.0,False
8a41a54ed6c7fff,10,4,0.0,0.0,False
8a41a54ed6cffff,10,0,0.0,0.0,False
8a41a54ed6d7fff,10,0,0.0,0.0,False
8a41a54ed6dffff,10,0,0.0,0.0,False
8a41a54ed6e7fff,10,3,0.0,0.0,False
8a41a54ed6effff,10,0,0.0,0.0,False
8a41a54ed6f7fff,10,0,0.0,0.0,False
8a41a54ed807fff,10,1,0.0,0.0,False
8a41a54ed80ffff,10,1,0.0,0.0,False
8a41a54ed817fff,10,0,0.0,0.0,False
8a41a54ed81ffff,10,0,0.0,0.0,False
8a41a54ed827fff,10,0,0.0,0.0,False
8a41a54ed82ffff,10,0,0.0,0.0,False
8a41a54ed837fff,10,0,0.0,0.0,False
8a41a54eda07fff,10,1,0.0,0.0,False
8a41a54eda0ffff,10,2,0.0,0.0,False
8a41a54eda17fff,10,0,0.0,0.0,False
8a41a54eda1ffff,10,1,0.0,0.0,False
8a41a54eda27fff,10,0,0.0,0.0,False
8a41a54eda2ffff,10,0,0.0,0.0,False
8a41a54eda37fff,10,0,0.0,0.0,False
8a41a54edb87fff,10,0,0.0,0.0,False
8a41a54edb8ffff,10,0,0.0,0.0,False
8a41a54edb97fff,10,0,0.0,0.0,False
8a41a54edb9ffff,10,0,0.0,0.0,False
8a41a54edba7fff,10,0,0.0,0.0,False
8a41a54edbaffff,10,2,0.0,0.0,False
8a41a54edbb7fff,10,1,0.0,0.0,False
8a41a54ee007fff,10,0,0.0,0.0,False
8a41a54ee00ffff,10,1,0.0,0.0,False
8a41a54ee017fff,10,4,0.0,0.0,False
8a41a54ee01ffff,10,0,0.0,0.0,False
8a41a54ee027fff,10,0,0.0,0.0,False
8a41a54ee02ffff,10,0,0.0,0.0,False
8a41a54ee037fff,10,0,0.0,0.0,False
8a41a54ee087fff,10,0,0.0,0.0,False
8a41a54ee08ffff,10,0,0.0,0.0,False
8a41a54ee097fff,10,2,0.0,0.0,False
8a41a54ee09ffff,10,0,0.0,0.0,False
8a41a54ee0a7fff,10,1,0.0,0.0,False
8a41a54ee0affff,10,0,0.0,0.0,False
8a41a54ee0b7fff,10,0,0.0,0.0,False
8a41a54ee187fff,10,0,0.0,0.0,False
8a41a54ee18ffff,10,8,0.0,0.0,False
8a41a54ee197fff,10,2,0.0,0.0,False
8a41a54ee19ffff,10,1,0.0,0.0,False
8a41a54ee1a7fff,10,0,0.0,0.0,False
8a41a54ee1affff,10,0,0.0,0.0,False
8a41a54ee1b7fff,10,0,0.0,0.0,False
8a41a54ee407fff,10,0,0.0,0.0,False
8a41a54ee40ffff,10,9,0.0,0.0,False
8a41a54ee417fff,10,0,0.0,0.0,False
8a41a54ee41ffff,10,0,0.0,0.0,False
8a41a54ee427fff,10,0,0.0,0.0,False
8a41a54ee42ffff,10,0,0.0,0.0,False
8a41a54ee437fff,10,0,0.0,0.0,False
8a41a54ee447fff,10,1,0.0,0.0,False
8a41a54ee44ffff,10,0,0.0,0.0,False
8a41a54ee457fff,10,9,0.0,0.0,False
8a41a54ee45ffff,10,0,0.0,0.0,False
8a41a54ee467fff,10,2,0.0,0.0,False
8a41a54ee46ffff,10,1,0.0,0.0,False
8a41a54ee477fff,10,1,0.0,0.0,False
8a41a54ee547fff,10,0,0.0,0.0,False
8a41a54ee54ffff,10,0,0.0,0.0,False
8a41a54ee557fff,10,0,0.0,0.0,False
8a41a54ee55ffff,10,2,0.0,0.0,False
8a41a54ee567fff,10,0,0.0,0.0,False
8a41a54ee56ffff,10,3,0.0,0.0,False
8a41a54ee577fff,10,0,0.0,0.0,False
8a41a54ee607fff,10,0,0.0,0.0,False
8a41a54ee60ffff,10,5,0.0,0.0,False
8a41a54ee617fff,10,0,0.0,0.0,False
8a41a54ee61ffff,10,0,0.0,0.0,False
8a41a54ee627fff,10,0,0.0,0.0,False
8a41a54ee62ffff,10,0,0.0,0.0,False
8a41a54ee637fff,10,0,0.0,0.0,False
8a41a54ee647fff,10,2,0.0,0.0,False
8a41a54ee64ffff,10,1,0.0,0.0,False
8a41a54ee657fff,10,0,0.0,0.0,False
8a41a54ee65ffff,10,1,0.0,0.0,False
8a41a54ee667fff,10,1,0.0,0.0,False
8a41a54ee66ffff,10,0,0.0,0.0,False
8a41a54ee677fff,10,0,0.0,0.0,False
8a41a54eea47fff,10,1,0.0,0.0,False
8a41a54eea4ffff,10,0,0.0,0.0,False
8a41a54eea57fff,10,2,0.0,0.0,False
8a41a54eea5ffff,10,0,0.0,0.0,False
8a41a54eea67fff,10,2,0.0,0.0,False
8a41a54eea6ffff,10,0,0.0,0.0,False
8a41a54eea77fff,10,2,0.0,0.0,False
8a41a54eed07fff,10,0,0.0,0.0,False
8a41a54eed0ffff,10,0,0.0,0.0,False
8a41a54eed17fff,10,0,0.0,0.0,False
8a41a54eed1ffff,10,0,0.0,0.0,False
8a41a54eed27fff,10,0,0.0,0.0,False
8a41a54eed2ffff,10,0,0.0,0.0,False
8a41a54eed37fff,10,1,0.0,0.0,False
8a41a54f0047fff,10,2,0.0,0.0,False
8a41a54f004ffff,10,0,0.0,0.0,False
8a41a54f0057fff,10,2,0.0,0.0,False
8a41a54f005ffff,10,2,0.0,0.0,False
8a41a54f0067fff,10,1,0.0,0.0,False
8a41a54f006ffff,10,0,0.0,0.0,False
8a41a54f0077fff,10,0,0.0,0.0,False
8a41a54f00c7fff,10,0,0.0,0.0,False
8a41a54f00cffff,10,0,0.0,0.0,False
8a41a54f00d7fff,10,3,0.0,0.0,False
8a41a54f00dffff,10,0,0.0,0.0,False
8a41a54f00e7fff,10,0,0.0,0.0,False
8a41a54f00effff,10,1,0.0,0.0,False
8a41a54f00f7fff,10,3,0.0,0.0,False
8a41a54f02c7fff,10,0,0.0,0.0,False
8a41a54f02cffff,10,1,0.0,0.0,False
8a41a54f02d7fff,10,0,0.0,0.0,False
8a41a54f02dffff,10,0,0.0,0.0,False
8a41a54f02e7fff,10,0,0.0,0.0,False
8a41a54f02effff,10,2,0.0,0.0,False
8a41a54f02f7fff,10,0,0.0,0.0,False
8a41a54f0707fff,10,1,0.0,0.0,False
8a41a54f070ffff,10,0,0.0,0.0,False
8a41a54f0717fff,10,1,0.0,0.0,False
8a41a54f071ffff,10,0,0.0,0.0,False
8a41a54f0727fff,10,2,0.0,0.0,False
8a41a54f072ffff,10,1,0.0,0.0,False
8a41a54f0737fff,10,2,0.0,0.0,False
8a41a54f0787fff,10,0,0.0,0.0,False
8a41a54f078ffff,10,0,0.0,0.0,False
8a41a54f0797fff,10,0,0.0,0.0,False
8a41a54f079ffff,10,0,0.0,0.0,False
8a41a54f07a7fff,10,1,0.0,0.0,False
8a41a54f07affff,10,0,0.0,0.0,False
8a41a54f07b7fff,10,1,0.0,0.0,False
8a41a54f0847fff,10,0,0.0,0.0,False
8a41a54f084ffff,10,0,0.0,0.0,False
8a41a54f0857fff,10,0,0.0,0.0,False
8a41a54f085ffff,10,2,0.0,0.0,False
8a41a54f0867fff,10,0,0.0,0.0,False
8a41a54f086ffff,10,0,0.0,0.0,False
8a41a54f0877fff,10,0,0.0,0.0,False
8a41a54f08c7fff,10,0,0.0,0.0,False
8a41a54f08cffff,10,0,0.0,0.0,False
8a41a54f08d7fff,10,0,0.0,0.0,False
8a41a54f08dffff,10,2,0.0,0.0,False
8a41a54f08e7fff,10,0,0.0,0.0,False
8a41a54f08effff,10,3,0.0,0.0,False
8a41a54f08f7fff,10,0,0.0,0.0,False
8a41a54f0907fff,10,0,0.0,0.0,False
8a41a54f090ffff,10,0,0.0,0.0,False
8a41a54f0917fff,10,0,0.0,0.0,False
8a41a54f091ffff,10,2,0.0,0.0,False
8a41a54f0927fff,10,0,0.0,0.0,False
8a41a54f092ffff,10,0,0.0,0.0,False
8a41a54f0937fff,10,0,0.0,0.0,False
8a41a54f0a07fff,10,1,0.0,0.0,False
8a41a54f0a0ffff,10,0,0.0,0.0,False
8a41a54f0a17fff,10,2,0.0,0.0,False
8a41a54f0a1ffff,10,0,0.0,0.0,False
8a41a54f0a27fff,10,0,0.0,0.0,False
8a41a54f0a2ffff,10,0,0.0,0.0,False
8a41a54f0a37fff,10,0,0.0,0.0,False
8a41a54f0b87fff,10,0,0.0,0.0,False
8a41a54f0b8ffff,10,0,0.0,0.0,False
8a41a54f0b97fff,10,0,0.0,0.0,False
8a41a54f0b9ffff,10,1,0.0,0.0,False
8a41a54f0ba7fff,10,1,0.0,0.0,False
8a41a54f0baffff,10,0,0.0,0.0,False
8a41a54f0bb7fff,10,2,0.0,0.0,False
8a41a54f1587fff,10,1,0.0,0.0,False
8a41a54f158ffff,10,0,0.0,0.0,False
8a41a54f1597fff,10,2,0.0,0.0,False
8a41a54f159ffff,10,1,0.0,0.0,False
8a41a54f15a7fff,10,0,0.0,0.0,False
8a41a54f15affff,10,0,0.0,0.0,False
8a41a54f15b7fff,10,0,0.0,0.0,False
8a41a54f1687fff,10,0,0.0,0.0,False
8a41a54f168ffff,10,0,0.0,0.0,False
8a41a54f1697fff,10,0,0.0,0.0,False
8a41a54f169ffff,10,0,0.0,0.0,False
8a41a54f16a7fff,10,0,0.0,0.0,False
8a41a54f16affff,10,2,0.0,0.0,False
8a41a54f16b7fff,10,0,0.0,0.0,False
8a41a54f18c7fff,10,0,0.0,0.0,False
8a41a54f18cffff,10,0,0.0,0.0,False
8a41a54f18d7fff,10,0,0.0,0.0,False
8a41a54f18dffff,10,0,0.0,0.0,False
8a41a54f18e7fff,10,0,0.0,0.0,False
8a41a54f18effff,10,0,0.0,0.0,False
8a41a54f18f7fff,10,5,0.0,0.0,False
8a41a54f1a07fff,10,1,0.0,0.0,False
8a41a54f1a0ffff,10,0,0.0,0.0,False
8a41a54f1a17fff,10,1,0.0,0.0,False
8a41a54f1a1ffff,10,0,0.0,0.0,False
8a41a54f1a27fff,10,2,0.0,0.0,False
8a41a54f1a2ffff,10,0,0.0,0.0,False
8a41a54f1a37fff,10,0,0.0,0.0,False
8a41a54f1c07fff,10,1,0.0,0.0,False
8a41a54f1c0ffff,10,0,0.0,0.0,False
8a41a54f1c17fff,10,0,0.0,0.0,False
8a41a54f1c1ffff,10,0,0.0,0.0,False
8a41a54f1c27fff,10,0,0.0,0.0,False
8a41a54f1c2ffff,10,0,0.0,0.0,False
8a41a54f1c37fff,10,0,0.0,0.0,False
8a41a54f1d47fff,10,0,0.0,0.0,False
8a41a54f1d4ffff,10,0,0.0,0.0,False
8a41a54f1d57fff,10,1,0.0,0.0,False
8a41a54f1d5ffff,10,0,0.0,0.0,False
8a41a54f1d67fff,10,0,0.0,0.0,False
8a41a54f1d6ffff,10,0,0.0,0.0,False
8a41a54f1d77fff,10,0,0.0,0.0,False
8a41a54f1d87fff,10,0,0.0,0.0,False
8a41a54f1d8ffff,10,1,0.0,0.0,False
8a41a54f1d97fff,10,0,0.0,0.0,False
8a41a54f1d9ffff,10,0,0.0,0.0,False
8a41a54f1da7fff,10,0,0.0,0.0,False
8a41a54f1daffff,10,0,0.0,0.0,False
8a41a54f1db7fff,10,0,0.0,0.0,False
8a41a54f2047fff,10,1,0.0,0.0,False
8a41a54f204ffff,10,0,0.0,0.0,False
8a41a54f2057fff,10,2,0.0,0.0,False
8a41a54f205ffff,10,0,0.0,0.0,False
8a41a54f2067fff,10,0,0.0,0.0,False
8a41a54f206ffff,10,0,0.0,0.0,False
8a41a54f2077fff,10,0,0.0,0.0,False
8a41a54f20c7fff,10,0,0.0,0.0,False
8a41a54f20cffff,10,0,0.0,0.0,False
8a41a54f20d7fff,10,2,0.0,0.0,False
8a41a54f20dffff,10,0,0.0,0.0,False
8a41a54f20e7fff,10,0,0.0,0.0,False
8a41a54f20effff,10,0,0.0,0.0,False
8a41a54f20f7fff,10,0,0.0,0.0,False
8a41a54f24c7fff,10,0,0.0,0.0,False
8a41a54f24cffff,10,1,0.0,0.0,False
8a41a54f24d7fff,10,2,0.0,0.0,False
8a41a54f24dffff,10,0,0.0,0.0,False
8a41a54f24e7fff,10,0,0.0,0.0,False
8a41a54f24effff,10,0,0.0,0.0,False
8a41a54f24f7fff,10,0,0.0,0.0,False
8a41a54f2547fff,10,0,0.0,0.0,False
8a41a54f254ffff,10,0,0.0,0.0,False
8a41a54f2557fff,10,0,0.0,0.0,False
8a41a54f255ffff,10,0,0.0,0.0,False
8a41a54f2567fff,10,0,0.0,0.0,False
8a41a54f256ffff,10,0,0.0,0.0,False
8a41a54f2577fff,10,2,0.0,0.0,False
8a41a54f2a07fff,10,0,0.0,0.0,False
8a41a54f2a0ffff,10,0,0.0,0.0,False
8a41a54f2a17fff,10,2,0.0,0.0,False
8a41a54f2a1ffff,10,0,0.0,0.0,False
8a41a54f2a27fff,10,3,0.0,0.0,False
8a41a54f2a2ffff,10,0,0.0,0.0,False
8a41a54f2a37fff,10,1,0.0,0.0,False
8a41a54f2b47fff,10,0,0.0,0.0,False
8a41a54f2b4ffff,10,0,0.0,0.0,False
8a41a54f2b57fff,10,1,0.0,0.0,False
8a41a54f2b5ffff,10,0,0.0,0.0,False
8a41a54f2b67fff,10,0,0.0,0.0,False
8a41a54f2b6ffff,10,0,0.0,0.0,False
8a41a54f2b77fff,10,1,0.0,0.0,False
8a41a54f2cc7fff,10,0,0.0,0.0,False
8a41a54f2ccffff,10,4,0.0,0.0,False
8a41a54f2cd7fff,10,0,0.0,0.0,False
8a41a54f2cdffff,10,1,0.0,0.0,False
8a41a54f2ce7fff,10,0,0.0,0.0,False
8a41a54f2ceffff,10,5,0.0,0.0,False
8a41a54f2cf7fff,10,0,0.0,0.0,False
8a41a54f4087fff,10,0,0.0,0.0,False
8a41a54f408ffff,10,0,0.0,0.0,False
8a41a54f4097fff,10,2,0.0,0.0,False
8a41a54f409ffff,10,0,0.0,0.0,False
8a41a54f40a7fff,10,0,0.0,0.0,False
8a41a54f40affff,10,0,0.0,0.0,False
8a41a54f40b7fff,10,0,0.0,0.0,False
8a41a54f4147fff,10,0,0.0,0.0,False
8a41a54f414ffff,10,0,0.0,0.0,False
8a41a54f4157fff,10,0,0.0,0.0,False
8a41a54f415ffff,10,4,0.0,0.0,False
8a41a54f4167fff,10,0,0.0,0.0,False
8a41a54f416ffff,10,0,0.0,0.0,False
8a41a54f4177fff,10,0,0.0,0.0,False
8a41a54f4c07fff,10,1,0.0,0.0,False
8a41a54f4c0ffff,10,1,0.0,0.0,False
8a41a54f4c17fff,10,0,0.0,0.0,False
8a41a54f4c1ffff,10,1,0.0,0.0,False
8a41a54f4c27fff,10,0,0.0,0.0,False
8a41a54f4c2ffff,10,0,0.0,0.0,False
8a41a54f4c37fff,10,1,0.0,0.0,False
8a41a54f4c87fff,10,0,0.0,0.0,False
8a41a54f4c8ffff,10,2,0.0,0.0,False
8a41a54f4c97fff,10,0,0.0,0.0,False
8a41a54f4c9ffff,10,0,0.0,0.0,False
8a41a54f4ca7fff,10,4,0.0,0.0,False
8a41a54f4caffff,10,1,0.0,0.0,False
8a41a54f4cb7fff,10,0,0.0,0.0,False
8a41a54f4d47fff,10,0,0.0,0.0,False
8a41a54f4d4ffff,10,0,0.0,0.0,False
8a41a54f4d57fff,10,0,0.0,0.0,False
8a41a54f4d5ffff,10,0,0.0,0.0,False
8a41a54f4d67fff,10,0,0.0,0.0,False
8a41a54f4d6ffff,10,0,0.0,0.0,False
8a41a54f4d77fff,10,1,0.0,0.0,False
8a41a54f4d87fff,10,0,0.0,0.0,False
8a41a54f4d8ffff,10,0,0.0,0.0,False
8a41a54f4d97fff,10,0,0.0,0.0,False
8a41a54f4d9ffff,10,2,0.0,0.0,False
8a41a54f4da7fff,10,1,0.0,0.0,False
8a41a54f4daffff,10,6,0.0,0.0,False
8a41a54f4db7fff,10,0,0.0,0.0,False
8a41a54f5147fff,10,0,0.0,0.0,False
8a41a54f514ffff,10,0,0.0,0.0,False
8a41a54f5157fff,10,0,0.0,0.0,False
8a41a54f515ffff,10,0,0.0,0.0,False
8a41a54f5167fff,10,0,0.0,0.0,False
8a41a54f516ffff,10,3,0.0,0.0,False
8a41a54f5177fff,10,0,0.0,0.0,False
8a41a54f52c7fff,10,0,0.0,0.0,False
8a41a54f52cffff,10,2,0.0,0.0,False
8a41a54f52d7fff,10,0,0.0,0.0,False
8a41a54f52dffff,10,1,0.0,0.0,False
8a41a54f52e7fff,10,0,0.0,0.0,False
8a41a54f52effff,10,1,0.0,0.0,False
8a41a54f52f7fff,10,0,0.0,0.0,False
8a41a54f5787fff,10,1,0.0,0.0,False
8a41a54f578ffff,10,0,0.0,0.0,False
8a41a54f5797fff,10,0,0.0,0.0,False
8a41a54f579ffff,10,1,0.0,0.0,False
8a41a54f57a7fff,10,0,0.0,0.0,False
8a41a54f57affff,10,0,0.0,0.0,False
8a41a54f57b7fff,10,0,0.0,0.0,False
8a41a54f5b87fff,10,0,0.0,0.0,False
8a41a54f5b8ffff,10,0,0.0,0.0,False
8a41a54f5b97fff,10,4,0.0,0.0,False
8a41a54f5b9ffff,10,0,0.0,0.0,False
8a41a54f5ba7fff,10,0,0.0,0.0,False
8a41a54f5baffff,10,0,0.0,0.0,False
8a41a54f5bb7fff,10,5,0.0,0.0,False
8a41a54f6447fff,10,0,0.0,0.0,False
8a41a54f644ffff,10,0,0.0,0.0,False
8a41a54f6457fff,10,0,0.0,0.0,False
8a41a54f645ffff,10,0,0.0,0.0,False
8a41a54f6467fff,10,0,0.0,0.0,False
8a41a54f646ffff,10,0,0.0,0.0,False
8a41a54f6477fff,10,1,0.0,0.0,False
8a41a54f66c7fff,10,0,0.0,0.0,False
8a41a54f66cffff,10,0,0.0,0.0,False
8a41a54f66d7fff,10,0,0.0,0.0,False
8a41a54f66dffff,10,0,0.0,0.0,False
8a41a54f66e7fff,10,0,0.0,0.0,False
8a41a54f66effff,10,0,0.0,0.0,False
8a41a54f66f7fff,10,2,0.0,0.0,False
8a41a54f6a07fff,10,0,0.0,0.0,False
8a41a54f6a0ffff,10,0,0.0,0.0,False
8a41a54f6a17fff,10,4,0.0,0.0,False
8a41a54f6a1ffff,10,0,0.0,0.0,False
8a41a54f6a27fff,10,0,0.0,0.0,False
8a41a54f6a2ffff,10,0,0.0,0.0,False
8a41a54f6a37fff,10,0,0.0,0.0,False
8a41a54f6ac7fff,10,4,0.0,0.0,False
8a41a54f6acffff,10,0,0.0,0.0,False
8a41a54f6ad7fff,10,0,0.0,0.0,False
8a41a54f6adffff,10,0,0.0,0.0,False
8a41a54f6ae7fff,10,0,0.0,0.0,False
8a41a54f6aeffff,10,0,0.0,0.0,False
8a41a54f6af7fff,10,0,0.0,0.0,False
8a41a54f6b87fff,10,1,0.0,0.0,False
8a41a54f6b8ffff,10,0,0.0,0.0,False
8a41a54f6b97fff,10,0,0.0,0.0,False
8a41a54f6b9ffff,10,0,0.0,0.0,False
8a41a54f6ba7fff,10,0,0.0,0.0,False
8a41a54f6baffff,10,0,0.0,0.0,False
8a41a54f6bb7fff,10,2,0.0,0.0,False
